brand,processor_brand,processor_name,processor_gnrtn,ram_gb,ram_type,ssd,hdd,os,os_bit,graphic_card_gb,weight,warranty,touchscreen,msoffice,price,rating,no_ratings,no_reviews
ASUS,Intel,Core i3,10,4,DDR4,0,1024,Windows,64-bit,0,Casual,0,False,False,6236820,2,3,0
Lenovo,Intel,Core i3,10,4,DDR4,0,1024,Windows,64-bit,0,Casual,0,False,False,7019820,3,65,5
Lenovo,Intel,Core i3,10,4,DDR4,0,1024,Windows,64-bit,0,Casual,0,False,False,7199820,3,8,1
ASUS,Intel,Core i5,10,8,DDR4,512,0,Windows,32-bit,2,Casual,0,False,False,12598200,3,0,0
ASUS,Intel,Celeron Dual,10,4,DDR4,0,512,Windows,64-bit,0,Casual,0,False,False,4858200,3,0,0
ASUS,Intel,Celeron Dual,10,4,DDR4,0,512,Windows,64-bit,0,Casual,0,False,False,4138200,3,0,0
ASUS,Intel,Celeron Dual,10,4,DDR4,0,512,Windows,32-bit,0,Casual,0,False,False,3958200,3,31,3
ASUS,Intel,Core i5,10,8,DDR4,0,1024,Windows,32-bit,2,Casual,0,False,False,10583820,3,0,0
Lenovo,Intel,Core i5,10,4,DDR4,0,1024,Windows,32-bit,0,Casual,0,False,False,8999820,3,0,0
Acer,AMD,Ryzen 5,10,4,DDR4,0,512,Windows,32-bit,4,Casual,0,False,False,10798200,4,1946,240
Acer,AMD,Ryzen 5,10,4,DDR4,0,512,Windows,32-bit,6,Casual,0,False,False,16866000,4,259,47
Acer,AMD,Ryzen 5,10,4,DDR4,0,512,Windows,32-bit,4,Casual,0,False,False,13138200,4,425,67
Avita,Intel,Celeron Dual,10,4,DDR4,0,512,Windows,64-bit,0,Casual,0,False,False,3148200,3,1120,196
ASUS,Intel,Celeron Dual,10,4,DDR4,0,512,Windows,64-bit,0,Casual,0,False,False,4138200,3,0,0
ASUS,Intel,Core i3,11,4,DDR4,256,0,Windows,64-bit,0,Casual,0,False,False,6478200,3,0,0
HP,Intel,Core i3,11,8,DDR4,256,0,Windows,64-bit,0,Casual,1,True,False,10168200,3,0,0
HP,Intel,Core i5,11,8,DDR4,256,0,Windows,64-bit,0,Casual,1,False,False,11770200,3,0,0
Lenovo,Intel,Celeron Dual,10,4,DDR4,256,0,Windows,64-bit,0,ThinNlight,0,False,False,5759820,4,286,19
HP,Intel,Celeron Dual,10,8,DDR4,256,0,Windows,64-bit,0,ThinNlight,0,False,False,5848200,4,58,6
Lenovo,Intel,Celeron Dual,10,4,DDR4,256,0,Windows,64-bit,0,ThinNlight,0,False,False,5723820,3,0,0
ASUS,Intel,Celeron Dual,10,4,DDR4,256,0,Windows,64-bit,0,Casual,0,False,False,5380200,4,7,0
ASUS,Intel,Celeron Dual,10,4,DDR4,0,1024,Windows,64-bit,0,Casual,1,False,False,4318200,3,15279,1947
HP,Intel,Core i3,7,4,DDR4,0,1024,Windows,64-bit,0,Casual,0,False,False,5931900,4,311,27
HP,Intel,Core i5,7,4,DDR4,0,1024,Windows,32-bit,2,Casual,0,False,False,8316000,4,47,7
ASUS,Intel,Core i3,11,4,DDR4,256,0,Windows,64-bit,0,ThinNlight,0,False,False,6197220,4,37,6
Lenovo,Intel,Core i3,10,8,DDR4,256,0,Windows,32-bit,0,ThinNlight,2,False,True,6838200,4,2080,235
ASUS,Intel,Core i3,11,4,DDR4,256,0,Windows,32-bit,0,Casual,1,False,True,6478200,4,1479,181
ASUS,Intel,Core i3,10,8,DDR4,256,0,Windows,64-bit,0,ThinNlight,0,False,False,6116400,4,67,3
HP,Intel,Core i3,11,8,DDR4,256,0,Windows,64-bit,0,ThinNlight,1,False,True,7198200,4,273,30
DELL,Intel,Core i3,10,8,DDR4,256,0,Windows,64-bit,0,ThinNlight,1,False,True,7108200,4,1267,171
HP,Intel,Core i3,11,8,DDR4,256,0,Windows,64-bit,0,Casual,1,True,True,9718200,4,14,0
Acer,Intel,Core i3,11,8,DDR4,256,0,Windows,64-bit,0,ThinNlight,1,False,False,7018200,3,0,0
ASUS,Intel,Core i3,11,8,DDR4,256,0,Windows,64-bit,0,ThinNlight,1,False,False,6838200,4,284,39
ASUS,Intel,Core i3,11,8,DDR4,256,0,Windows,64-bit,0,Casual,1,False,True,6820200,4,44,5
Lenovo,Intel,Core i3,11,8,DDR4,256,0,Windows,64-bit,0,ThinNlight,1,False,False,7018200,4,33,4
Lenovo,Intel,Core i3,10,8,DDR4,256,0,Windows,64-bit,0,ThinNlight,0,False,False,6838200,4,286,36
DELL,Intel,Core i3,11,8,DDR4,256,0,Windows,64-bit,0,ThinNlight,1,False,True,7558200,3,10,5
ASUS,Intel,Core i3,11,8,DDR4,256,0,Windows,64-bit,0,Casual,1,False,False,8278200,4,816,147
Lenovo,Intel,Core i3,11,8,DDR4,256,0,Windows,64-bit,0,ThinNlight,1,False,False,7198200,4,543,65
DELL,Intel,Core i3,11,8,DDR4,256,0,Windows,64-bit,0,ThinNlight,0,False,False,7648200,4,9,1
DELL,Intel,Core i3,10,4,DDR4,256,0,Windows,64-bit,0,ThinNlight,1,False,True,6658200,4,1178,137
Lenovo,Intel,Core i3,11,8,DDR4,256,0,Windows,64-bit,0,Casual,1,True,True,9718200,4,299,41
ASUS,Intel,Core i3,11,8,DDR4,256,0,Windows,64-bit,0,ThinNlight,0,False,False,6658200,4,20,1
Lenovo,Intel,Core i3,10,4,DDR4,256,0,Windows,64-bit,0,Casual,2,False,False,7009200,4,758,64
DELL,Intel,Core i3,10,4,DDR4,256,0,Windows,64-bit,0,Casual,1,False,True,7108200,4,634,64
ASUS,Intel,Core i3,11,8,DDR4,256,0,Windows,64-bit,0,Casual,1,False,False,8278200,4,816,147
Lenovo,Intel,Core i3,10,8,DDR4,256,0,Windows,64-bit,0,Casual,2,False,True,7199820,5,4,0
DELL,Intel,Core i3,11,8,DDR4,256,0,Windows,64-bit,0,ThinNlight,1,False,False,7738200,4,17,2
DELL,Intel,Core i3,11,8,DDR4,256,0,Windows,64-bit,0,Casual,1,True,False,8998200,4,24,5
DELL,Intel,Core i3,11,8,DDR4,256,0,Windows,64-bit,0,ThinNlight,1,False,True,7468200,4,1753,165
DELL,Intel,Core i3,11,8,DDR4,256,0,Windows,64-bit,0,ThinNlight,0,False,False,7558200,4,216,21
Lenovo,Intel,Core i3,11,8,DDR4,256,0,Windows,64-bit,0,ThinNlight,1,False,True,7558200,4,1084,160
ASUS,Intel,Core i3,11,8,DDR4,256,0,Windows,64-bit,0,Casual,1,False,False,6928200,3,19,3
Lenovo,Intel,Core i3,11,4,DDR4,256,0,Windows,64-bit,0,ThinNlight,1,False,True,7018200,4,106,13
Lenovo,Intel,Core i3,11,4,DDR4,256,0,Windows,64-bit,0,Casual,1,False,True,8098200,4,42,4
Lenovo,Intel,Core i3,10,4,DDR4,256,0,Windows,64-bit,0,ThinNlight,0,False,False,6568200,3,0,0
Lenovo,Intel,Core i3,10,8,DDR4,256,0,Windows,32-bit,0,Casual,0,False,False,7014600,3,0,0
HP,Intel,Core i3,11,4,DDR4,256,0,Windows,64-bit,0,ThinNlight,1,False,True,8082000,4,1029,107
MSI,Intel,Core i3,10,4,DDR4,256,0,Windows,64-bit,0,ThinNlight,0,False,False,7018200,4,53,11
DELL,Intel,Core i3,11,4,DDR4,256,0,Windows,64-bit,0,ThinNlight,0,False,False,7996860,3,0,0
ASUS,Intel,Core i3,10,4,DDR4,256,0,Windows,64-bit,0,Casual,1,False,False,6478200,3,0,0
Lenovo,Intel,Core i3,10,4,DDR4,256,0,Windows,64-bit,0,Casual,1,False,True,7236000,3,48,1
Lenovo,Intel,Core i3,10,4,DDR4,256,0,Windows,32-bit,0,Casual,0,False,False,7378200,3,3,0
DELL,Intel,Core i3,10,4,DDR4,256,0,Windows,64-bit,0,ThinNlight,1,False,False,7648200,3,0,0
Acer,Intel,Celeron Dual,10,4,DDR4,0,512,Windows,32-bit,0,Casual,0,False,False,4318200,3,61,4
DELL,Intel,Core i3,11,4,DDR4,256,0,Windows,64-bit,0,Casual,0,True,False,12959820,4,97,13
ASUS,Intel,Core i3,11,4,DDR4,256,0,Windows,64-bit,0,Casual,1,False,False,7198200,4,181,19
Lenovo,Intel,Core i3,10,4,DDR4,256,0,Windows,64-bit,0,Casual,1,False,True,7559640,4,529,39
ASUS,Intel,Core i3,11,4,DDR4,256,0,Windows,32-bit,0,Casual,0,False,False,7558200,3,0,0
Lenovo,Intel,Core i3,10,4,DDR4,256,0,Windows,64-bit,0,Casual,2,False,True,7199820,3,0,0
ASUS,Intel,Core i3,10,4,DDR4,256,0,Windows,32-bit,0,Casual,0,False,False,7198200,3,0,0
Lenovo,Intel,Core i3,11,4,DDR4,256,0,Windows,64-bit,0,Casual,0,False,False,7199640,4,10,1
HP,Intel,Core i3,11,4,DDR4,256,0,Windows,64-bit,0,ThinNlight,1,False,True,7648200,4,5205,561
Lenovo,Intel,Core i3,10,4,DDR4,256,0,Windows,32-bit,0,Casual,0,False,False,7558200,3,3,0
ASUS,Intel,Core i3,11,4,DDR4,256,0,Windows,32-bit,0,Casual,0,False,False,8728200,3,0,0
HP,Intel,Core i3,11,4,DDR4,256,0,Windows,64-bit,0,ThinNlight,1,False,True,7987680,4,1090,96
DELL,Intel,Core i3,11,4,DDR4,256,0,Windows,32-bit,0,Casual,0,False,False,7902000,3,0,0
DELL,Intel,Core i3,11,4,DDR4,256,0,Windows,64-bit,0,Casual,1,False,False,8404200,3,0,0
Lenovo,Intel,Core i3,10,4,DDR4,256,0,Windows,32-bit,0,Casual,0,False,False,7378200,5,1,1
DELL,Intel,Core i3,10,4,DDR4,256,0,Windows,64-bit,0,ThinNlight,1,False,False,7198200,4,44,2
Lenovo,Intel,Core i3,11,4,DDR4,256,0,Windows,64-bit,0,ThinNlight,0,False,False,7918200,3,0,0
ASUS,Intel,Core i3,11,4,DDR4,256,0,Windows,64-bit,0,ThinNlight,1,False,False,6658200,4,70,9
DELL,Intel,Core i3,11,8,DDR4,256,0,Windows,64-bit,0,Casual,1,False,False,8730000,3,0,0
ASUS,Intel,Core i3,11,8,DDR4,256,0,Windows,64-bit,0,Casual,0,False,False,8818200,3,0,0
ASUS,Intel,Celeron Dual,10,4,LPDDR4,0,512,Windows,32-bit,0,Casual,0,False,False,4228200,4,632,92
HP,Intel,Core i3,8,4,DDR4,256,0,Windows,64-bit,0,Casual,1,True,True,9762840,4,71,8
ASUS,Intel,Core i3,10,8,DDR4,512,0,Windows,64-bit,0,Casual,1,False,False,6838200,4,990,108
HP,Intel,Core i3,11,8,DDR4,512,0,Windows,64-bit,0,ThinNlight,1,False,True,7738200,4,158,18
HP,Intel,Core i3,11,8,DDR4,512,0,Windows,64-bit,0,ThinNlight,1,False,True,7738200,4,681,59
ASUS,Intel,Core i3,10,4,DDR4,512,0,Windows,64-bit,0,Casual,1,False,False,6478200,4,130,12
ASUS,Intel,Core i3,11,8,DDR4,512,0,Windows,64-bit,0,Casual,1,False,False,7738200,4,30,4
ASUS,Intel,Core i3,11,8,LPDDR4X,512,0,Windows,32-bit,0,Casual,1,True,True,9358200,4,6,2
ASUS,Intel,Core i3,11,8,DDR4,512,0,Windows,64-bit,0,Casual,1,False,False,8818200,4,174,30
ASUS,Intel,Core i3,11,8,DDR4,512,0,Windows,64-bit,0,Casual,1,False,False,7738200,4,40,7
Lenovo,Intel,Core i3,10,8,DDR4,512,0,Windows,64-bit,0,ThinNlight,1,False,False,7018200,3,13,1
DELL,Intel,Core i3,11,8,DDR4,512,0,Windows,64-bit,0,ThinNlight,0,False,False,8278200,4,184,29
HP,Intel,Core i3,10,8,DDR4,512,0,Windows,64-bit,0,ThinNlight,1,False,True,7648200,4,1296,126
HP,Intel,Core i3,11,8,DDR4,512,0,Windows,64-bit,0,ThinNlight,1,False,True,7914600,4,571,56
ASUS,Intel,Core i3,10,4,DDR4,512,0,Windows,64-bit,0,ThinNlight,1,False,True,7198200,4,2551,297
MSI,Intel,Core i3,11,8,DDR4,512,0,Windows,64-bit,0,ThinNlight,0,False,False,8818200,4,17,3
HP,Intel,Core i3,11,8,DDR4,512,0,Windows,64-bit,0,Casual,1,False,True,9898200,4,35,3
MSI,Intel,Core i3,10,8,DDR4,512,0,Windows,64-bit,0,ThinNlight,0,False,False,7378200,4,118,17
ASUS,Intel,Core i3,11,8,DDR4,512,0,Windows,64-bit,0,ThinNlight,1,False,True,7558200,3,0,0
Lenovo,Intel,Core i3,11,8,DDR4,512,0,Windows,64-bit,0,ThinNlight,1,True,False,9898200,4,245,34
ASUS,Intel,Core i3,11,8,DDR4,512,0,Windows,64-bit,0,Casual,1,False,True,8098200,4,2058,305
HP,Intel,Core i3,11,8,DDR4,512,0,Windows,64-bit,0,Casual,1,False,False,7425000,4,117,11
HP,Intel,Core i3,11,8,DDR4,512,0,Windows,64-bit,0,ThinNlight,0,False,False,8098200,3,0,0
ASUS,Intel,Core i3,11,8,DDR4,512,0,Windows,64-bit,0,Casual,1,False,False,7738200,4,74,11
DELL,Intel,Core i3,11,8,DDR4,512,0,Windows,64-bit,0,Casual,1,True,False,10942200,4,10,1
HP,Intel,Core i3,11,8,DDR4,512,0,Windows,64-bit,0,Casual,0,False,False,8217000,4,39,4
DELL,Intel,Core i3,10,8,DDR4,512,0,Windows,64-bit,0,ThinNlight,1,False,True,7558200,3,29,7
DELL,Intel,Core i3,10,8,DDR4,512,0,Windows,64-bit,0,ThinNlight,1,False,False,8188200,4,43,4
ASUS,Intel,Core i3,11,8,DDR4,512,0,Windows,64-bit,0,ThinNlight,1,False,True,8098200,3,0,0
Lenovo,Intel,Core i3,11,8,DDR4,512,0,Windows,64-bit,0,ThinNlight,2,False,True,7738200,4,984,99
HP,Intel,Core i3,11,4,DDR4,512,0,Windows,64-bit,0,ThinNlight,1,False,True,8188200,4,523,66
HP,Intel,Core i3,10,4,DDR4,512,0,Windows,32-bit,0,Casual,0,False,False,6983820,4,30,1
HP,Intel,Core i3,11,4,DDR4,512,0,Windows,64-bit,0,Casual,1,True,True,12468060,3,0,0
ASUS,Intel,Core i3,11,4,DDR4,512,0,Windows,64-bit,0,Casual,1,False,True,9296820,3,0,0
HP,Intel,Core i3,11,4,DDR4,512,0,Windows,64-bit,0,ThinNlight,1,False,True,8638200,4,1605,215
ASUS,Intel,Core i3,10,4,DDR4,512,0,Windows,64-bit,0,Casual,1,False,False,7378200,4,4008,519
ASUS,Intel,Core i3,10,4,DDR4,512,0,Windows,64-bit,0,ThinNlight,1,False,True,7738200,4,1869,234
ASUS,Intel,Core i3,11,4,DDR4,512,0,Windows,64-bit,0,Casual,1,False,False,8080200,3,7,0
ASUS,Intel,Core i3,10,4,DDR4,512,0,Windows,64-bit,0,Casual,1,False,False,7468200,4,4008,519
HP,Intel,Core i3,11,4,DDR4,512,0,Windows,32-bit,0,ThinNlight,1,False,False,9178200,3,0,0
HP,Intel,Core i3,11,4,DDR4,512,0,Windows,64-bit,0,ThinNlight,1,False,True,8802000,4,1278,135
ASUS,Intel,Core i3,10,4,DDR4,512,0,Windows,64-bit,0,Casual,1,False,False,7378200,4,4008,519
DELL,Intel,Core i3,10,4,DDR4,512,0,Windows,64-bit,0,Casual,0,False,False,7522200,3,0,0
Lenovo,Intel,Core i3,11,4,DDR4,512,0,Windows,64-bit,0,Casual,1,True,True,10439820,3,10,2
DELL,Intel,Core i3,11,8,DDR4,512,0,Windows,64-bit,0,ThinNlight,0,False,False,8267400,3,0,0
HP,Intel,Core i3,11,8,DDR4,512,0,Windows,64-bit,0,Casual,1,True,True,9988200,4,143,15
ASUS,Intel,Core i3,10,8,DDR4,0,1024,Windows,64-bit,0,Casual,1,False,False,5920200,3,28,4
Lenovo,Intel,Core i3,10,8,DDR4,0,1024,Windows,64-bit,0,ThinNlight,1,False,True,6478200,4,2124,233
DELL,Intel,Core i3,11,8,DDR4,0,1024,Windows,64-bit,0,ThinNlight,0,False,False,7648200,4,276,40
DELL,Intel,Core i3,11,8,DDR4,0,1024,Windows,64-bit,0,ThinNlight,0,False,False,7594200,3,250,21
DELL,Intel,Core i3,10,8,DDR4,0,1024,Windows,64-bit,0,ThinNlight,1,False,True,7108200,4,1917,189
HP,Intel,Core i3,11,8,DDR4,0,1024,Windows,64-bit,0,ThinNlight,1,False,True,7864200,4,4999,490
ASUS,Intel,Core i3,10,4,DDR4,0,1024,Windows,64-bit,0,Casual,1,False,False,6478200,3,17,0
DELL,Intel,Core i3,11,8,DDR4,0,1024,Windows,32-bit,0,Casual,0,False,False,7884000,4,17,0
Lenovo,Intel,Core i3,10,8,DDR4,0,1024,Windows,32-bit,0,Casual,0,False,False,7018200,3,0,0
ASUS,Intel,Core i3,10,4,DDR4,0,1024,Windows,64-bit,0,ThinNlight,1,False,False,6298200,3,4203,490
ASUS,Intel,Core i3,11,8,DDR4,0,1024,Windows,64-bit,0,Casual,1,False,False,7002000,3,13,0
DELL,Intel,Core i3,10,4,DDR4,0,1024,Windows,64-bit,0,ThinNlight,1,False,False,7198200,3,15,1
DELL,Intel,Core i3,10,4,DDR4,0,1024,Windows,32-bit,0,Casual,0,False,False,7360200,4,527,46
Lenovo,Intel,Core i3,10,4,DDR4,0,1024,Windows,64-bit,0,ThinNlight,1,False,False,6658200,3,103,10
HP,Intel,Core i3,11,4,DDR4,0,1024,Windows,64-bit,0,ThinNlight,1,False,True,7198200,3,324,45
HP,Intel,Core i3,11,4,DDR4,0,1024,Windows,64-bit,0,ThinNlight,1,False,True,7558200,4,69,5
DELL,Intel,Core i3,11,4,DDR4,0,1024,Windows,32-bit,0,Casual,0,False,False,7914600,3,16,0
HP,Intel,Core i3,11,4,DDR4,0,1024,Windows,64-bit,0,ThinNlight,1,False,False,7162200,3,40,3
ASUS,Intel,Core i3,10,4,DDR4,0,1024,Windows,32-bit,0,ThinNlight,0,False,False,6406200,3,12,1
HP,Intel,Core i3,10,4,DDR4,0,1024,Windows,64-bit,0,ThinNlight,1,False,True,6568200,3,1146,175
ASUS,Intel,Core i3,10,4,DDR4,0,1024,Windows,64-bit,0,ThinNlight,1,False,True,7018200,4,1850,216
ASUS,Intel,Core i3,10,4,DDR4,0,1024,Windows,32-bit,0,ThinNlight,0,False,False,6118200,3,43,7
DELL,Intel,Core i3,10,4,DDR4,0,1024,Windows,64-bit,0,Casual,1,False,True,7812000,4,231,26
ASUS,Intel,Celeron Dual,10,4,LPDDR4,0,512,Windows,32-bit,0,Casual,0,False,False,4498200,4,502,93
HP,Intel,Core i3,10,4,DDR4,0,1024,Windows,64-bit,0,ThinNlight,1,False,True,7335000,4,1096,116
DELL,Intel,Core i3,10,4,DDR4,0,1024,Windows,64-bit,0,ThinNlight,1,False,True,7740000,4,313,35
ASUS,Intel,Core i3,10,4,DDR4,0,1024,Windows,64-bit,0,Casual,0,False,False,6840000,4,7,0
DELL,Intel,Core i3,11,8,DDR4,0,1024,Windows,64-bit,0,ThinNlight,1,False,True,6838200,3,265,46
HP,Intel,Core i3,7,8,DDR4,0,1024,Windows,64-bit,2,Casual,0,False,False,8870220,4,38,3
Lenovo,Intel,Core i3,10,8,DDR4,0,1024,Windows,32-bit,0,Casual,0,False,False,7019820,3,7,2
ASUS,Intel,Core i3,11,8,DDR4,0,1024,Windows,32-bit,0,Casual,0,False,False,7470000,3,4,0
Acer,Intel,Core i3,11,4,DDR4,0,1024,Windows,32-bit,0,Casual,0,False,False,6659820,3,0,0
DELL,Intel,Core i3,11,8,DDR4,0,1024,Windows,32-bit,0,Casual,0,False,False,7722000,3,0,0
ASUS,Intel,Celeron Dual,10,4,LPDDR4,0,512,Windows,32-bit,0,Casual,0,False,False,3868200,3,818,113
DELL,Intel,Core i3,11,8,DDR4,0,1024,Windows,32-bit,0,Casual,0,False,False,7466400,3,25,4
ASUS,Intel,Core i3,10,8,DDR4,0,1024,Windows,64-bit,0,Casual,0,False,False,5938200,2,12,0
ASUS,Intel,Core i3,11,8,DDR4,0,1024,Windows,64-bit,0,Casual,1,False,False,6962400,3,17,1
ASUS,Intel,Celeron Dual,10,4,LPDDR4,0,512,Windows,32-bit,0,Casual,0,False,False,4318200,4,974,170
DELL,Intel,Core i3,10,8,DDR4,0,1024,Windows,64-bit,0,ThinNlight,0,False,False,7270200,3,83,15
ASUS,Intel,Core i3,10,4,DDR4,0,1024,Windows,64-bit,0,ThinNlight,0,False,False,6118200,3,31,6
ASUS,Intel,Celeron Dual,10,4,LPDDR4,0,512,Windows,32-bit,0,Casual,0,False,False,3688200,3,637,91
DELL,Intel,Core i3,10,8,DDR4,256,1024,Windows,64-bit,0,ThinNlight,1,False,True,7468200,5,7,5
DELL,Intel,Core i3,11,8,DDR4,256,1024,Windows,64-bit,0,Casual,0,False,False,8188200,4,207,16
DELL,Intel,Core i3,11,8,DDR4,256,1024,Windows,64-bit,0,Casual,0,False,False,8008200,4,844,103
ASUS,Intel,Core i3,11,8,DDR4,256,1024,Windows,64-bit,0,Casual,1,False,True,7540200,4,53,6
DELL,Intel,Core i3,11,4,DDR4,256,1024,Windows,64-bit,0,ThinNlight,1,False,True,7738200,4,62,7
Acer,Intel,Core i3,11,8,DDR4,256,1024,Windows,64-bit,0,Casual,0,False,False,7378200,4,38,2
DELL,Intel,Core i3,11,8,DDR4,256,1024,Windows,64-bit,0,ThinNlight,1,False,False,8818200,4,724,92
DELL,Intel,Core i3,11,4,DDR4,256,1024,Windows,64-bit,0,ThinNlight,1,False,True,7846200,3,0,0
DELL,Intel,Core i3,10,4,DDR4,256,1024,Windows,64-bit,0,Casual,1,False,False,8044200,4,9,0
ASUS,Intel,Core i3,10,4,DDR4,256,1024,Windows,64-bit,0,Casual,0,False,False,7378200,3,0,0
DELL,Intel,Core i3,11,4,DDR4,256,1024,Windows,64-bit,0,ThinNlight,1,False,True,7918200,3,0,0
DELL,Intel,Core i3,11,4,DDR4,256,1024,Windows,64-bit,0,ThinNlight,1,False,True,7846200,3,0,0
DELL,Intel,Core i3,10,4,DDR4,256,1024,Windows,64-bit,0,ThinNlight,1,False,True,7450200,4,56,7
DELL,Intel,Core i3,10,4,DDR4,256,1024,Windows,64-bit,0,ThinNlight,1,False,True,7972200,3,0,0
DELL,Intel,Core i3,11,4,DDR4,256,1024,Windows,64-bit,0,Casual,1,False,False,8819820,3,0,0
DELL,Intel,Core i3,11,4,DDR4,256,1024,Windows,64-bit,0,ThinNlight,1,False,True,7198200,3,170,11
DELL,Intel,Core i3,10,8,DDR4,256,1024,Windows,64-bit,0,ThinNlight,0,False,False,8350200,2,95,5
ASUS,Intel,Celeron Dual,10,4,LPDDR4,0,512,Windows,64-bit,0,Casual,0,False,False,3418200,3,197,25
ASUS,Intel,Celeron Dual,10,4,LPDDR4,0,512,Windows,32-bit,0,Casual,0,False,False,3238200,3,1180,148
HP,Intel,Celeron Dual,10,4,DDR4,0,512,Windows,64-bit,0,Casual,0,False,False,4764600,3,232,23
HP,Intel,Celeron Dual,10,4,DDR4,0,512,Windows,64-bit,0,Casual,0,False,False,5038200,3,596,65
Lenovo,Intel,Celeron Dual,10,4,DDR4,0,1024,Windows,32-bit,0,Casual,0,False,False,5399820,3,19,1
Lenovo,Intel,Celeron Dual,10,4,LPDDR4X,0,512,Windows,64-bit,0,Casual,0,False,False,4678200,3,84,16
Lenovo,Intel,Celeron Dual,10,4,LPDDR4,0,512,Windows,32-bit,0,Casual,0,False,False,3058200,3,414,54
Lenovo,Intel,Celeron Dual,10,4,LPDDR4,0,512,Windows,32-bit,0,Casual,0,False,False,4498200,2,70,16
Acer,Intel,Core i5,10,8,DDR5,0,512,Windows,32-bit,4,Casual,0,False,False,9178200,4,10966,1185
Acer,Intel,Core i5,10,8,LPDDR4,0,512,Windows,32-bit,0,Casual,1,False,False,21598200,4,1,1
Acer,Intel,Core i5,10,8,LPDDR4,0,512,DOS,32-bit,0,Casual,0,False,False,16954200,4,31,6
ASUS,Intel,Core i5,10,8,LPDDR4,0,512,DOS,32-bit,4,Casual,0,False,False,19110060,4,1881,241
DELL,Intel,Core i5,10,8,LPDDR4,0,512,DOS,32-bit,4,Casual,1,False,False,12256200,1,23,4
DELL,Intel,Core i5,10,8,LPDDR4,0,512,DOS,32-bit,0,ThinNlight,1,False,False,25198200,3,0,0
HP,Intel,Core i5,10,8,LPDDR4,0,512,DOS,32-bit,0,ThinNlight,0,False,False,10078200,4,818,109
HP,Intel,Core i5,10,8,LPDDR4,0,512,DOS,32-bit,4,Casual,0,False,False,18459180,3,0,0
Lenovo,Intel,Core i5,10,8,LPDDR4,0,512,DOS,32-bit,2,Casual,0,False,False,8458200,4,4428,569
HP,Intel,Core i5,8,8,DDR4,128,0,Windows,64-bit,0,ThinNlight,1,False,False,13682160,4,129,16
Lenovo,Intel,Core i5,11,8,DDR4,256,0,Windows,64-bit,0,Casual,2,False,True,8908200,4,365,35
Acer,Intel,Core i5,7,8,DDR3,256,0,Windows,64-bit,0,ThinNlight,1,False,True,15636060,4,39,3
ASUS,Intel,Core i5,11,8,DDR4,256,0,Windows,64-bit,0,ThinNlight,1,False,False,8818200,3,0,0
DELL,Intel,Core i5,11,8,DDR4,256,0,Windows,64-bit,0,ThinNlight,0,False,False,10078200,3,3,0
Acer,Intel,Core i5,8,8,DDR3,256,0,Windows,64-bit,0,ThinNlight,1,True,True,14759640,4,14,3
HP,Intel,Core i5,8,8,DDR4,256,0,Windows,64-bit,0,Casual,1,True,True,24586200,3,0,0
Acer,Intel,Core i5,8,8,DDR4,256,0,Windows,64-bit,0,ThinNlight,1,False,False,10708200,3,33,7
ASUS,Intel,Core i5,11,8,DDR4,256,0,Windows,64-bit,0,ThinNlight,1,False,False,8964000,3,0,0
Lenovo,Intel,Core i5,11,8,DDR4,256,0,Windows,64-bit,0,Casual,1,False,True,11159820,2,4,0
HP,Intel,Core i5,11,8,DDR4,512,0,Windows,64-bit,0,ThinNlight,0,False,False,9898200,4,116,15
HP,Intel,Core i5,11,8,DDR4,512,0,Windows,64-bit,0,ThinNlight,1,False,False,9718200,4,206,17
Lenovo,Intel,Core i5,11,8,DDR4,512,0,Windows,64-bit,0,Casual,2,False,True,9538200,4,300,24
HP,Intel,Core i5,11,16,DDR4,512,0,Windows,64-bit,0,ThinNlight,1,False,True,12238200,4,108,6
ASUS,Intel,Core i5,10,8,DDR4,512,0,Windows,64-bit,4,Gaming,1,False,False,10438200,4,3712,412
Lenovo,Intel,Core i5,11,16,DDR4,512,0,Windows,64-bit,0,ThinNlight,1,False,True,11214000,4,825,95
Lenovo,Intel,Core i5,11,8,DDR4,512,0,Windows,64-bit,0,ThinNlight,1,False,False,9538200,3,0,0
Lenovo,Intel,Core i5,11,8,DDR4,512,0,Windows,64-bit,0,ThinNlight,2,False,True,9358200,4,85,4
Lenovo,Intel,Core i5,11,16,DDR4,512,0,Windows,64-bit,0,ThinNlight,0,False,False,11158200,4,56,7
ASUS,Intel,Core i5,11,8,LPDDR4X,512,0,Windows,32-bit,0,Casual,1,True,True,11518200,4,10,1
Lenovo,Intel,Core i5,11,8,DDR4,512,0,Windows,64-bit,0,Casual,1,False,True,11878200,4,17,4
Acer,Intel,Core i5,11,8,DDR4,512,0,Windows,64-bit,0,ThinNlight,1,False,False,9538200,4,155,20
Lenovo,Intel,Core i5,10,8,DDR4,512,0,Windows,64-bit,0,ThinNlight,1,False,False,8998200,3,0,0
ASUS,Intel,Core i5,11,8,DDR4,512,0,Windows,64-bit,4,Gaming,0,False,False,12958200,4,91,17
ASUS,Intel,Core i5,10,8,DDR4,512,0,Windows,64-bit,0,Casual,1,False,False,8638200,4,35,2
Lenovo,Intel,Core i5,10,8,DDR4,512,0,Windows,32-bit,0,ThinNlight,2,False,True,8728200,4,126,13
ASUS,Intel,Core i5,11,8,DDR4,512,0,Windows,64-bit,4,Gaming,0,False,False,13138200,4,74,10
MSI,Intel,Core i5,11,16,DDR4,512,0,Windows,64-bit,4,Casual,2,False,False,13858200,4,75,17
ASUS,Intel,Core i5,11,16,DDR4,512,0,Windows,64-bit,6,Gaming,1,False,True,16198200,4,124,17
MSI,Intel,Core i5,10,8,DDR4,512,0,Windows,64-bit,4,Casual,2,False,False,10798200,4,1597,228
ASUS,Intel,Core i5,10,8,DDR4,512,0,Windows,64-bit,4,Gaming,1,False,True,11878200,4,3850,378
DELL,Intel,Core i5,11,8,DDR4,512,0,Windows,64-bit,0,Casual,0,True,False,12958200,4,7,1
DELL,Intel,Core i5,11,8,DDR4,512,0,Windows,64-bit,0,Casual,0,True,False,12940200,4,3,0
Lenovo,Intel,Core i5,11,16,DDR4,512,0,Windows,64-bit,0,ThinNlight,0,False,False,11698200,3,0,0
ASUS,Intel,Core i5,11,16,DDR4,512,0,Windows,64-bit,0,Casual,1,False,False,11878200,3,0,0
HP,Intel,Core i5,11,8,DDR4,512,0,Windows,64-bit,0,ThinNlight,0,False,False,10079820,4,5,1
ASUS,Intel,Core i5,11,16,DDR4,512,0,Windows,64-bit,4,Casual,1,False,False,13228200,4,213,45
HP,Intel,Core i5,11,16,DDR4,512,0,Windows,64-bit,0,ThinNlight,1,False,True,13408200,4,10,0
HP,Intel,Core i5,11,8,DDR4,512,0,Windows,64-bit,0,ThinNlight,1,False,True,10501200,4,69,6
Acer,Intel,Core i5,11,8,DDR4,512,0,Windows,64-bit,0,ThinNlight,1,False,False,10079820,4,6,0
DELL,Intel,Core i5,11,16,DDR4,512,0,Windows,64-bit,0,ThinNlight,0,False,False,12238200,4,93,9
ASUS,Intel,Core i5,11,16,DDR4,512,0,Windows,64-bit,0,Casual,1,False,False,10798200,4,11,2
ASUS,Intel,Core i5,11,16,DDR4,512,0,Windows,64-bit,6,Casual,1,False,True,14938200,4,262,31
DELL,Intel,Core i5,11,8,DDR4,512,0,Windows,64-bit,2,Casual,1,False,True,11554200,3,0,0
DELL,Intel,Core i5,11,16,DDR4,512,0,Windows,64-bit,0,ThinNlight,0,False,False,12616200,4,5,1
ASUS,Intel,Core i5,10,8,DDR4,512,0,Windows,64-bit,2,ThinNlight,1,False,False,8998200,4,45,3
MSI,Intel,Core i5,11,8,DDR4,512,0,Windows,64-bit,0,ThinNlight,0,False,False,9988200,3,8,1
HP,Intel,Core i5,11,8,LPDDR4X,512,0,Windows,64-bit,0,Casual,0,True,False,17638200,5,3,1
ASUS,Intel,Core i5,9,8,DDR4,512,0,Windows,64-bit,4,Gaming,1,False,True,9898200,4,1681,227
Lenovo,Intel,Core i5,11,8,DDR4,512,0,Windows,64-bit,0,ThinNlight,1,False,True,10798200,4,37,2
Lenovo,Intel,Core i5,11,8,DDR4,512,0,Windows,64-bit,0,ThinNlight,1,False,True,9718200,4,61,2
HP,Intel,Core i5,11,16,DDR4,512,0,Windows,64-bit,0,ThinNlight,1,False,True,12059820,4,17,1
Acer,Intel,Core i5,11,8,LPDDR4X,512,0,Windows,64-bit,0,ThinNlight,1,False,True,10978200,4,17,1
ASUS,Intel,Core i5,10,8,DDR4,512,0,Windows,64-bit,0,ThinNlight,1,False,True,8638200,4,1625,152
HP,Intel,Core i5,11,8,DDR4,512,0,Windows,32-bit,0,ThinNlight,1,False,True,10799820,4,4,1
DELL,Intel,Core i5,10,16,DDR4,512,0,Windows,64-bit,4,Casual,1,False,False,14398200,3,0,0
ASUS,Intel,Core i5,10,8,DDR4,512,0,Windows,64-bit,4,Gaming,1,False,False,11518200,3,0,0
HP,Intel,Core i5,11,8,DDR4,512,0,Windows,64-bit,0,ThinNlight,1,False,True,11518200,4,17,1
ASUS,Intel,Core i5,11,16,DDR4,512,0,Windows,64-bit,0,Casual,1,False,False,10798200,3,0,0
Lenovo,Intel,Core i5,11,8,DDR4,512,0,Windows,64-bit,0,ThinNlight,1,False,False,10078200,3,0,0
ASUS,Intel,Core i5,11,16,DDR4,512,0,Windows,64-bit,0,Casual,1,False,False,10798200,3,0,0
HP,Intel,Core i5,11,8,DDR4,512,0,Windows,64-bit,0,ThinNlight,1,False,True,11518200,4,3,0
DELL,Intel,Core i5,11,16,DDR4,512,0,Windows,64-bit,2,Casual,1,False,True,12508200,3,0,0
DELL,Intel,Core i5,11,16,DDR4,512,0,Windows,64-bit,0,Casual,1,True,True,16090200,3,0,0
ASUS,Intel,Core i5,11,8,LPDDR4X,512,0,Windows,64-bit,0,ThinNlight,0,False,False,13498200,3,0,0
Lenovo,Intel,Core i5,11,8,DDR4,512,0,Windows,64-bit,0,Casual,3,True,True,11698200,4,48,12
Lenovo,Intel,Core i5,10,8,DDR4,512,0,Windows,64-bit,4,Casual,1,False,True,11968200,4,282,36
DELL,Intel,Core i5,11,16,DDR4,512,0,Windows,64-bit,2,Casual,1,False,True,16146360,3,0,0
Lenovo,Intel,Core i5,11,16,DDR4,512,0,Windows,64-bit,2,Casual,1,False,True,12778200,4,67,4
ASUS,Intel,Core i5,11,16,DDR4,512,0,Windows,64-bit,0,Casual,1,True,True,10618200,3,0,0
Lenovo,Intel,Core i5,10,8,DDR4,512,0,Windows,64-bit,2,Casual,1,False,True,10350000,3,0,0
DELL,Intel,Core i5,11,8,DDR4,512,0,Windows,64-bit,2,Casual,1,True,True,14398200,4,23,2
MSI,Intel,Core i5,10,8,DDR4,512,0,Windows,64-bit,0,Casual,0,False,False,10177380,4,677,87
ASUS,Intel,Core i5,11,16,DDR4,512,0,Windows,64-bit,0,ThinNlight,0,False,False,10798200,3,3,0
Lenovo,Intel,Core i5,11,16,DDR4,512,0,Windows,64-bit,0,Casual,1,False,True,11698200,4,46,4
DELL,Intel,Core i5,11,8,DDR4,512,0,Windows,64-bit,0,ThinNlight,1,False,False,11032200,3,4,1
Lenovo,Intel,Core i5,11,8,DDR4,512,0,Windows,64-bit,0,ThinNlight,1,False,True,9898200,4,9,1
Lenovo,Intel,Core i5,11,8,DDR4,512,0,Windows,64-bit,0,Casual,1,False,True,10798200,4,26,4
ASUS,Intel,Core i5,11,8,DDR4,512,0,Windows,32-bit,6,Casual,1,False,False,15298200,5,5,0
HP,Intel,Core i5,11,8,DDR4,512,0,Windows,64-bit,0,ThinNlight,1,False,True,13050000,4,40,3
Lenovo,Intel,Core i5,11,8,DDR4,512,0,Windows,64-bit,4,Gaming,0,False,False,10798200,3,44,6
Lenovo,Intel,Core i5,11,8,DDR4,512,0,Windows,64-bit,0,Casual,1,True,True,15838200,4,28,6
HP,Intel,Core i5,11,8,DDR4,512,0,Windows,64-bit,0,ThinNlight,0,False,False,10438200,4,1541,123
DELL,Intel,Core i5,11,8,DDR4,512,0,Windows,64-bit,0,ThinNlight,1,False,True,12508200,4,72,7
Lenovo,Intel,Core i5,11,8,DDR4,512,0,Windows,64-bit,0,Casual,3,True,True,12418200,4,44,8
Lenovo,Intel,Core i5,11,8,DDR4,512,0,Windows,32-bit,0,Casual,1,False,True,14038200,4,17,2
ASUS,Intel,Core i5,11,8,LPDDR4X,512,0,Windows,64-bit,0,Casual,1,True,False,19078200,4,59,11
MSI,Intel,Core i5,11,8,LPDDR4X,512,0,Windows,64-bit,0,Casual,1,False,False,14398200,3,0,0
DELL,Intel,Core i5,11,8,DDR4,512,0,Windows,64-bit,0,ThinNlight,1,False,True,9988200,4,337,27
Lenovo,Intel,Core i5,11,8,DDR4,512,0,Windows,64-bit,0,ThinNlight,1,False,True,12598200,4,10,2
ASUS,Intel,Core i5,11,8,DDR4,512,0,Windows,64-bit,0,Casual,1,True,True,15298200,4,10,2
DELL,Intel,Core i5,11,8,DDR4,512,0,Windows,64-bit,0,ThinNlight,0,False,False,10798200,3,31,7
DELL,Intel,Core i5,10,8,LPDDR4X,512,0,Windows,64-bit,0,ThinNlight,1,False,True,20140200,3,0,0
DELL,Intel,Core i5,11,8,DDR4,512,0,Windows,64-bit,2,Casual,1,False,False,11878200,4,10,0
ASUS,Intel,Core i5,11,8,LPDDR4X,512,0,Windows,32-bit,0,Casual,1,False,True,13138200,4,76,14
DELL,Intel,Core i5,11,8,DDR4,512,0,Windows,64-bit,0,ThinNlight,1,False,True,12796200,4,44,6
MSI,Intel,Core i5,11,8,DDR4,512,0,Windows,64-bit,4,Casual,2,False,False,13498200,3,0,0
ASUS,Intel,Core i5,10,8,LPDDR3,512,0,Windows,64-bit,0,Casual,1,False,True,14398200,4,11,3
MSI,Intel,Core i5,11,8,DDR4,512,0,Windows,64-bit,0,Casual,1,False,False,9988200,4,138,16
DELL,Intel,Core i5,11,8,DDR4,512,0,Windows,64-bit,2,ThinNlight,1,False,True,11968200,4,199,17
ASUS,Intel,Core i5,11,8,DDR4,512,0,Windows,64-bit,0,Casual,1,False,True,9612000,4,46,6
DELL,Intel,Core i5,11,8,DDR4,512,0,Windows,64-bit,0,Casual,1,True,True,13410000,4,45,5
DELL,Intel,Core i5,11,8,LPDDR4X,512,0,Windows,64-bit,0,ThinNlight,1,False,True,20698200,3,0,0
DELL,Intel,Core i5,11,8,DDR4,512,0,Windows,64-bit,2,ThinNlight,0,False,False,11158200,4,35,4
APPLE,Intel,Core i5,10,8,LPDDR4X,512,0,Mac,64-bit,0,Casual,1,False,False,28798200,4,32,5
APPLE,Intel,Core i5,8,8,DDR3,512,0,Mac,64-bit,0,Casual,1,False,False,30976200,4,108,13
MSI,Intel,Core i5,11,8,DDR4,512,0,Windows,64-bit,4,Casual,0,False,False,13498200,3,0,0
MSI,Intel,Core i5,10,8,DDR4,512,0,Windows,64-bit,0,Casual,1,False,False,10168200,4,814,112
Lenovo,Intel,Core i5,10,8,DDR4,512,0,Windows,64-bit,0,ThinNlight,3,False,False,26460000,3,0,0
Lenovo,Intel,Core i5,11,8,DDR4,512,0,Windows,64-bit,0,ThinNlight,1,False,True,10078200,4,75,9
HP,Intel,Core i5,11,8,DDR4,512,0,Windows,64-bit,4,Gaming,1,False,True,14038200,3,0,0
HP,Intel,Core i5,10,8,DDR4,512,0,Windows,64-bit,4,Casual,1,False,True,19168200,4,3,0
Lenovo,Intel,Core i5,11,8,DDR4,512,0,Windows,32-bit,2,Casual,1,False,True,12778200,4,11,3
Lenovo,Intel,Core i5,11,8,DDR4,512,0,Windows,64-bit,0,Casual,1,False,True,11698200,4,125,11
Acer,Intel,Core i5,11,8,DDR4,512,0,Windows,64-bit,0,Casual,1,False,False,10438200,3,0,0
ASUS,Intel,Core i5,10,8,DDR4,512,0,Windows,64-bit,4,Gaming,1,False,False,11698200,4,4,0
MSI,Intel,Core i5,10,8,DDR4,512,0,Windows,64-bit,0,Casual,1,False,False,9898200,4,714,147
HP,Intel,Core i5,11,8,LPDDR4X,512,0,Windows,64-bit,0,Casual,0,True,False,20159820,3,0,0
Lenovo,Intel,Core i5,10,8,LPDDR4X,512,0,Windows,64-bit,2,Casual,1,False,True,12743640,4,21,3
Lenovo,Intel,Core i5,9,8,DDR4,512,0,Windows,64-bit,4,Casual,0,False,False,10798200,3,9,1
Acer,Intel,Core i5,8,8,DDR4,512,0,Windows,64-bit,4,Casual,1,False,False,17910000,3,0,0
HP,Intel,Core i5,10,8,DDR4,512,0,Windows,64-bit,0,ThinNlight,1,False,True,10078200,4,30,4
ASUS,Intel,Core i5,8,8,LPDDR3,512,0,Windows,64-bit,0,ThinNlight,1,False,False,13138200,4,44,4
Acer,Intel,Core i5,8,8,DDR3,512,0,Windows,64-bit,0,ThinNlight,1,False,False,11698200,3,4,1
ASUS,Intel,Core i5,11,8,DDR4,512,0,Windows,64-bit,0,ThinNlight,0,False,False,10438200,3,0,0
HP,Intel,Core i5,11,8,DDR4,512,0,Windows,64-bit,2,Casual,1,True,True,13858200,4,14,2
Lenovo,Intel,Core i5,11,8,DDR4,512,0,Windows,64-bit,0,Casual,2,False,True,11339640,4,739,71
DELL,Intel,Core i5,11,8,DDR4,512,0,Windows,64-bit,0,Casual,1,True,True,14038200,4,31,5
HP,Intel,Core i5,10,8,DDR4,512,0,Windows,64-bit,0,Casual,1,True,True,20698200,4,145,19
DELL,Intel,Core i5,10,8,DDR4,512,0,Windows,64-bit,2,Casual,1,False,True,11878200,3,0,0
DELL,Intel,Core i5,11,8,DDR4,512,0,Windows,64-bit,2,Casual,1,False,True,16018200,3,19,2
Lenovo,Intel,Core i5,10,8,DDR4,512,0,Windows,64-bit,0,Casual,0,False,False,20446200,3,0,0
ASUS,Intel,Core i5,11,8,LPDDR4X,512,0,Windows,64-bit,0,Casual,1,True,True,13318200,4,32,6
HP,Intel,Core i5,11,8,DDR4,512,0,Windows,64-bit,0,ThinNlight,1,False,True,10980000,4,1124,100
ASUS,Intel,Core i5,11,8,LPDDR4X,512,0,Windows,64-bit,0,Casual,1,True,False,17998200,4,35,6
Lenovo,Intel,Core i5,11,8,DDR4,512,0,Windows,64-bit,0,ThinNlight,1,False,True,12238200,4,9,0
DELL,Intel,Core i5,11,8,DDR4,512,0,Windows,64-bit,0,Casual,1,True,True,12743820,4,98,6
Lenovo,Intel,Core i5,11,8,DDR4,512,0,Windows,64-bit,0,ThinNlight,1,False,True,11878200,4,31,2
ASUS,Intel,Core i5,8,8,DDR4,512,0,Windows,64-bit,0,ThinNlight,1,False,False,9664200,4,19,3
MSI,Intel,Core i5,11,8,DDR4,512,0,Windows,64-bit,0,ThinNlight,1,False,False,10078200,3,0,0
ASUS,Intel,Core i5,11,8,DDR4,512,0,Windows,64-bit,0,Casual,1,False,True,9574200,4,11,0
Lenovo,Intel,Core i5,10,8,DDR4,512,0,Windows,32-bit,2,Casual,2,False,True,10619820,4,45,3
DELL,Intel,Core i5,11,8,DDR4,512,0,Windows,64-bit,2,ThinNlight,3,False,False,12958200,3,0,0
HP,Intel,Core i5,11,8,DDR4,512,0,Windows,32-bit,4,Casual,0,False,False,14760000,3,0,0
ASUS,Intel,Core i5,11,8,LPDDR4X,512,0,Windows,64-bit,0,ThinNlight,0,False,False,15298200,3,0,0
Lenovo,Intel,Core i5,11,8,DDR4,512,0,Windows,64-bit,2,Casual,0,False,False,16199640,3,0,0
ASUS,Intel,Core i5,11,8,LPDDR4X,512,0,Windows,64-bit,0,Casual,1,True,False,17998200,3,0,0
ASUS,Intel,Core i5,11,8,LPDDR4X,512,0,Windows,64-bit,0,ThinNlight,0,False,False,15298200,3,0,0
Lenovo,Intel,Core i5,10,8,DDR4,512,0,Windows,64-bit,4,Gaming,0,False,False,12581820,4,474,37
DELL,Intel,Core i5,10,8,DDR4,512,0,Windows,64-bit,4,Casual,1,False,False,14398200,3,0,0
DELL,Intel,Core i5,10,8,DDR4,512,0,Windows,64-bit,4,Casual,1,False,False,13734000,4,6,0
Lenovo,Intel,Core i5,10,8,DDR4,512,0,Windows,64-bit,0,Casual,1,False,True,10079820,3,0,0
DELL,Intel,Core i5,11,8,DDR4,512,0,Windows,64-bit,0,ThinNlight,0,False,False,13122000,3,24,4
DELL,Intel,Core i5,11,8,DDR4,512,0,Windows,64-bit,0,Casual,1,True,True,13318200,4,195,17
ASUS,Intel,Core i5,11,8,LPDDR4,512,0,Windows,64-bit,0,ThinNlight,0,False,False,15298200,3,0,0
DELL,Intel,Core i5,11,8,DDR4,512,0,Windows,32-bit,2,Casual,0,False,False,13233420,3,0,0
HP,Intel,Core i5,10,8,DDR4,512,0,Windows,64-bit,0,Casual,1,True,False,22680000,5,2,1
ASUS,Intel,Core i5,11,8,DDR4,512,0,Windows,64-bit,6,Casual,1,False,False,16018200,3,0,0
HP,Intel,Core i5,11,8,DDR4,512,0,Windows,64-bit,0,ThinNlight,1,True,True,20699820,3,0,0
DELL,Intel,Core i5,11,8,DDR4,512,0,Windows,64-bit,2,Casual,1,True,True,14938200,4,21,2
Acer,Intel,Core i5,11,8,DDR4,512,0,Windows,64-bit,0,ThinNlight,0,True,False,19799820,3,0,0
Lenovo,Intel,Core i5,11,8,DDR4,512,0,Windows,64-bit,0,ThinNlight,1,True,True,14938200,3,0,0
DELL,Intel,Core i5,11,8,DDR4,512,0,Windows,64-bit,2,Casual,1,True,True,14398200,4,5,0
ASUS,Intel,Core i5,11,8,LPDDR4X,512,0,Windows,64-bit,0,Casual,1,True,False,20698200,3,0,0
HP,Intel,Core i5,11,8,LPDDR4X,512,0,Windows,64-bit,0,Casual,1,True,False,23399820,3,0,0
MSI,Intel,Core i5,8,8,DDR5,512,0,Windows,32-bit,6,Casual,0,False,False,26998200,4,10,3
DELL,Intel,Core i5,11,8,DDR4,512,0,Windows,64-bit,2,Casual,0,False,False,12832200,3,0,0
DELL,Intel,Core i5,10,8,DDR4,512,0,Windows,64-bit,0,ThinNlight,1,False,True,14310000,4,10,1
DELL,Intel,Core i5,10,8,DDR4,512,0,Windows,64-bit,2,Casual,1,False,True,14938200,3,15,3
DELL,Intel,Core i5,11,8,DDR4,512,0,Windows,64-bit,2,Casual,1,False,True,12776400,4,138,23
ASUS,Intel,Core i5,11,8,LPDDR4X,512,0,Windows,64-bit,0,Casual,1,True,False,17998200,3,0,0
HP,Intel,Core i5,11,8,DDR4,512,0,Windows,32-bit,0,Casual,0,False,False,16920000,3,0,0
DELL,Intel,Core i5,11,8,DDR4,512,0,Windows,64-bit,2,Casual,0,True,False,14938200,4,16,3
MSI,Intel,Core i5,11,8,LPDDR4X,512,0,Windows,64-bit,0,Casual,1,False,False,14398200,4,11,4
ASUS,Intel,Core i5,8,8,DDR4,512,0,Windows,64-bit,0,ThinNlight,0,False,False,15478200,3,0,0
ASUS,Intel,Core i5,10,8,DDR4,512,0,Windows,64-bit,2,Casual,0,False,False,15658200,3,0,0
ASUS,Intel,Core i5,10,8,LPDDR3,512,0,Windows,64-bit,2,Casual,1,False,True,19078200,5,4,0
ASUS,Intel,Core i5,10,8,LPDDR3,512,0,Windows,64-bit,0,Casual,0,False,False,15298200,3,0,0
Lenovo,Intel,Core i5,8,8,DDR4,512,0,Windows,64-bit,2,Casual,1,False,True,10799820,4,22,3
Lenovo,Intel,Core i5,11,8,DDR4,512,0,Windows,64-bit,0,Casual,1,False,True,16559820,4,16,2
DELL,Intel,Core i5,11,8,DDR4,512,0,Windows,64-bit,0,Casual,1,True,True,14202000,3,16,1
ASUS,Intel,Core i5,10,8,LPDDR3,512,0,Windows,64-bit,0,Casual,0,False,False,23902200,3,0,0
Lenovo,Intel,Core i5,11,8,DDR4,512,0,Windows,64-bit,4,Gaming,0,False,False,10978200,3,14,6
Avita,Intel,Core i5,7,8,DDR4,512,0,Windows,64-bit,0,ThinNlight,0,False,False,11800080,3,0,0
DELL,Intel,Core i5,11,16,DDR4,512,0,Windows,64-bit,0,ThinNlight,0,False,False,12634200,3,6,3
DELL,Intel,Core i5,11,8,DDR4,512,0,Windows,64-bit,2,Casual,1,True,False,14326200,3,0,0
Avita,Intel,Core i5,7,8,DDR4,512,0,Windows,64-bit,0,ThinNlight,0,False,False,11800080,3,0,0
ASUS,Intel,Core i5,11,8,DDR4,512,0,Windows,64-bit,4,Casual,1,False,False,13858200,3,0,0
Avita,Intel,Core i5,7,8,DDR4,512,0,Windows,64-bit,0,ThinNlight,0,False,False,11800080,3,0,0
Avita,Intel,Core i5,8,8,DDR4,512,0,Windows,64-bit,0,ThinNlight,0,False,False,8098200,3,17,3
ASUS,Intel,Core i5,11,8,DDR4,512,0,Windows,64-bit,0,Casual,1,True,True,15298200,3,17,2
Lenovo,Intel,Core i5,10,8,DDR4,512,0,Windows,64-bit,2,Casual,1,True,True,15659820,4,3,0
HP,Intel,Core i5,11,16,DDR4,512,0,Windows,64-bit,2,Casual,1,False,False,14040000,4,512,85
Avita,Intel,Core i5,8,8,DDR4,512,0,Windows,64-bit,0,ThinNlight,0,False,False,13151340,3,17,3
Avita,Intel,Core i5,8,8,DDR4,512,0,Windows,64-bit,0,ThinNlight,0,False,False,13151340,3,17,3
HP,Intel,Core i5,11,16,DDR4,512,0,Windows,64-bit,4,Casual,1,False,True,18178200,3,0,0
Lenovo,Intel,Core i5,8,8,DDR4,512,0,Windows,64-bit,0,ThinNlight,1,False,True,13498200,3,3,1
ASUS,Intel,Core i5,10,8,DDR4,512,0,Windows,64-bit,4,Casual,0,False,False,13678200,4,1365,137
Lenovo,Intel,Core i5,11,8,DDR4,512,0,Windows,32-bit,2,Casual,1,False,True,15135480,3,8,3
ASUS,Intel,Core i5,11,8,DDR4,1024,0,Windows,64-bit,4,Gaming,0,False,False,13678200,4,368,48
ASUS,Intel,Core i5,11,8,DDR4,1024,0,Windows,64-bit,4,Gaming,1,False,True,14038200,4,202,26
ASUS,Intel,Core i5,10,8,DDR4,1024,0,Windows,64-bit,4,Casual,1,False,False,14038200,4,187,26
APPLE,Intel,Core i5,10,16,LPDDR4X,1024,0,Mac,64-bit,0,Casual,1,False,False,32398200,4,31,3
APPLE,Intel,Core i5,10,16,LPDDR4X,1024,0,Mac,64-bit,0,Casual,1,False,False,32398200,4,91,5
ASUS,Intel,Core i5,10,8,DDR4,1024,0,Windows,64-bit,4,Casual,0,False,False,14938200,4,844,118
ASUS,Intel,Core i5,11,8,DDR4,1024,0,Windows,64-bit,4,Casual,1,False,False,15838200,3,0,0
ASUS,Intel,Core i5,11,8,DDR4,1024,0,Windows,64-bit,4,Casual,0,False,False,15210000,4,3,0
DELL,Intel,Core i5,11,8,LPDDR4X,1024,0,Windows,64-bit,0,ThinNlight,0,False,False,13354200,4,21,3
Lenovo,Intel,Core i5,11,8,DDR4,1024,0,Windows,64-bit,0,ThinNlight,1,False,True,11698200,3,4,0
Lenovo,Intel,Core i5,10,8,DDR4,512,512,Windows,64-bit,0,ThinNlight,3,True,False,27973980,3,0,0
Lenovo,Intel,Core i5,10,8,DDR4,512,512,Windows,64-bit,0,ThinNlight,3,True,False,22570920,3,0,0
Acer,Intel,Core i5,11,8,DDR4,0,1024,Windows,64-bit,0,Casual,0,False,False,8998200,3,0,0
Acer,Intel,Core i5,11,8,DDR4,0,1024,Windows,64-bit,0,ThinNlight,1,False,False,8458200,3,253,28
DELL,Intel,Core i5,11,8,DDR4,0,1024,Windows,64-bit,0,ThinNlight,1,False,True,8818200,3,470,46
Acer,Intel,Core i5,8,8,DDR4,0,1024,Windows,64-bit,2,Casual,1,False,True,10799820,4,118,28
ASUS,Intel,Core i5,10,8,DDR4,0,1024,Windows,64-bit,0,ThinNlight,1,False,False,8458200,4,1444,179
MSI,Intel,Core i5,10,8,DDR4,0,1024,Windows,64-bit,4,Casual,2,False,False,9538200,4,1114,137
Lenovo,Intel,Core i5,7,8,DDR4,0,1024,Windows,32-bit,2,Casual,0,False,False,10439820,3,0,0
Lenovo,Intel,Core i5,4,8,DDR3,0,1024,Windows,64-bit,0,Casual,0,False,False,9448200,3,78,17
Lenovo,Intel,Core i5,8,8,DDR4,0,1024,Windows,64-bit,4,Casual,1,False,False,10258200,4,21,5
Acer,Intel,Core i5,8,8,DDR4,0,1024,Windows,64-bit,2,ThinNlight,1,False,False,11158200,4,73,21
DELL,Intel,Core i5,11,8,DDR4,0,1024,Windows,32-bit,0,Casual,0,False,False,10456200,3,0,0
ASUS,Intel,Core i5,10,8,DDR4,0,1024,Windows,64-bit,0,Casual,0,False,False,10258200,3,0,0
Acer,Intel,Core i5,8,8,DDR4,0,1024,Windows,64-bit,0,ThinNlight,1,False,False,11087460,3,0,0
ASUS,Intel,Core i5,8,8,DDR4,0,1024,Windows,64-bit,0,ThinNlight,0,False,False,14758200,3,0,0
ASUS,Intel,Core i5,10,8,DDR4,0,1024,Windows,64-bit,0,Casual,0,False,False,11024820,3,0,0
DELL,Intel,Core i5,11,8,DDR4,0,1024,Windows,32-bit,0,Casual,0,False,False,10618200,3,0,0
ASUS,Intel,Core i5,10,8,DDR4,0,1024,Windows,64-bit,2,Casual,0,False,False,15118200,3,0,0
MSI,Intel,Core i5,10,8,LPDDR4,0,512,DOS,32-bit,6,Casual,0,False,False,52414200,4,7,3
MSI,Intel,Core i5,10,8,LPDDR4,0,512,DOS,32-bit,6,Casual,0,False,False,26278200,4,715,106
MSI,Intel,Core i5,10,8,LPDDR4,0,512,DOS,32-bit,8,Casual,0,False,False,32398200,4,24,5
HP,Intel,Core i5,8,8,DDR4,0,1024,Windows,64-bit,2,Casual,1,False,True,11698200,4,23,4
HP,Intel,Core i5,8,8,DDR4,0,1024,Windows,64-bit,0,Casual,1,False,False,8422200,4,3062,325
HP,Intel,Core i5,7,4,DDR4,0,1024,Windows,64-bit,0,Casual,1,False,False,8027820,4,122,12
Acer,Intel,Core i5,8,8,DDR4,0,1024,Windows,64-bit,2,Casual,1,False,False,13133520,4,18,6
HP,Intel,Core i5,10,8,DDR4,0,1024,Windows,32-bit,0,Casual,1,False,True,8782200,3,11,1
Acer,Intel,Core i5,10,8,DDR4,0,1024,Windows,64-bit,2,Casual,1,False,False,10168380,3,30,6
ASUS,Intel,Core i5,11,8,DDR4,256,1024,Windows,32-bit,0,Casual,1,False,True,9178200,4,1188,127
ASUS,Intel,Core i5,10,8,DDR4,256,1024,Windows,64-bit,4,Gaming,0,False,False,10078200,4,23,0
Acer,Intel,Core i5,11,8,DDR4,256,1024,Windows,64-bit,0,Casual,1,False,False,10438200,4,32,1
ASUS,Intel,Core i5,11,8,DDR4,256,1024,Windows,64-bit,0,Casual,1,False,False,9538200,3,0,0
DELL,Intel,Core i5,11,8,DDR4,256,1024,Windows,64-bit,0,Casual,1,False,False,10438200,4,47,0
Acer,Intel,Core i5,11,8,DDR4,256,1024,Windows,64-bit,0,ThinNlight,1,False,False,10258200,4,27,2
Acer,Intel,Core i5,11,8,DDR4,256,1024,Windows,64-bit,0,Casual,0,False,False,9988200,3,8,3
DELL,Intel,Core i5,11,8,DDR4,256,1024,Windows,64-bit,2,Casual,1,False,False,11248200,3,157,20
ASUS,Intel,Core i5,11,16,DDR4,256,1024,Windows,64-bit,0,Casual,1,False,False,11698200,4,10,1
Lenovo,Intel,Core i5,11,8,DDR4,256,1024,Windows,64-bit,2,Casual,1,False,True,10798200,4,52,4
ASUS,Intel,Core i5,11,8,DDR4,256,1024,Windows,64-bit,2,Casual,1,False,True,10834200,4,33,4
ASUS,Intel,Core i5,9,8,DDR4,256,1024,Windows,64-bit,4,Gaming,0,False,False,9808200,4,343,47
Lenovo,Intel,Core i5,9,8,DDR4,256,1024,Windows,64-bit,4,Casual,1,False,True,10978200,4,131,17
DELL,Intel,Core i5,11,4,DDR4,256,1024,Windows,64-bit,0,ThinNlight,1,False,True,10042200,4,41,4
ASUS,Intel,Core i5,11,16,DDR4,256,1024,Windows,64-bit,0,Casual,1,False,True,11698200,4,328,51
ASUS,Intel,Core i5,11,16,DDR4,256,1024,Windows,64-bit,0,ThinNlight,0,False,False,10618200,4,6,1
DELL,Intel,Core i5,11,8,DDR4,256,1024,Windows,64-bit,0,ThinNlight,1,False,True,9898200,3,353,28
HP,Intel,Core i5,11,8,DDR4,256,1024,Windows,64-bit,4,Gaming,1,False,True,12958200,4,127,20
DELL,Intel,Core i5,11,8,DDR4,256,1024,Windows,64-bit,2,Casual,1,False,False,12582000,3,0,0
Lenovo,Intel,Core i5,11,8,DDR4,256,1024,Windows,64-bit,2,Casual,1,False,True,11878200,4,241,19
ASUS,Intel,Core i5,11,8,DDR4,256,1024,Windows,64-bit,0,Casual,1,False,False,8998200,3,22,2
DELL,Intel,Core i5,11,8,DDR4,256,1024,Windows,64-bit,0,ThinNlight,1,False,True,10618200,4,8,1
Lenovo,Intel,Core i5,10,8,DDR4,256,1024,Windows,64-bit,4,Gaming,0,False,False,13426200,4,898,128
ASUS,Intel,Core i5,10,8,DDR4,256,1024,Windows,32-bit,2,Casual,0,False,False,10618200,5,1,1
ASUS,Intel,Core i5,11,8,DDR4,256,1024,Windows,64-bit,0,Casual,1,False,False,11698200,3,0,0
DELL,Intel,Core i5,11,8,DDR4,256,1024,Windows,64-bit,2,Casual,0,False,False,11968200,3,6,1
DELL,Intel,Core i5,10,8,DDR4,256,1024,Windows,64-bit,4,Casual,0,False,False,14022000,4,179,34
DELL,Intel,Core i5,11,8,DDR4,256,1024,Windows,64-bit,2,Casual,0,False,False,12148200,3,41,5
DELL,Intel,Core i5,11,8,DDR4,256,1024,Windows,64-bit,0,ThinNlight,1,False,True,11158200,3,0,0
DELL,Intel,Core i5,11,8,DDR4,256,1024,Windows,64-bit,0,Casual,1,False,True,10618200,4,114,9
Lenovo,Intel,Core i5,10,8,DDR4,256,1024,Windows,64-bit,4,Gaming,0,False,False,13499820,4,268,25
ASUS,Intel,Core i5,11,8,DDR4,256,1024,Windows,64-bit,0,Casual,1,False,True,12402000,5,6,1
DELL,Intel,Core i5,11,8,DDR4,256,1024,Windows,64-bit,2,Casual,0,False,False,12905100,4,153,16
Acer,Intel,Core i5,11,16,DDR4,256,1024,Windows,64-bit,0,Casual,0,False,False,11248200,3,8,0
DELL,Intel,Core i5,8,8,DDR4,0,2048,Windows,64-bit,2,Casual,1,False,True,11217060,4,377,53
MSI,Intel,Core i5,10,8,LPDDR4,0,512,DOS,32-bit,8,Casual,0,False,False,37312200,3,0,0
DELL,Intel,Core i7,8,16,DDR4,256,0,Windows,64-bit,4,Casual,1,False,True,15838200,4,120,21
Avita,Intel,Core i7,8,8,DDR4,256,0,Windows,64-bit,0,ThinNlight,0,False,False,13318200,3,0,0
Avita,Intel,Core i7,8,8,DDR4,256,0,Windows,64-bit,0,ThinNlight,0,False,False,13318200,3,0,0
Avita,Intel,Core i7,8,8,DDR4,256,0,Windows,64-bit,0,ThinNlight,0,False,False,13318200,3,0,0
Avita,Intel,Core i7,8,8,DDR4,256,0,Windows,64-bit,0,ThinNlight,0,False,False,13318200,3,0,0
Avita,Intel,Core i7,8,8,DDR4,256,0,Windows,64-bit,0,ThinNlight,0,False,False,13318200,3,0,0
Avita,Intel,Core i7,8,8,DDR4,256,0,Windows,64-bit,0,ThinNlight,0,False,False,13318200,3,0,0
ASUS,Intel,Core i7,10,16,DDR4,512,0,Windows,64-bit,0,Casual,1,False,False,10438200,4,76,9
ASUS,Intel,Core i7,10,8,DDR4,512,0,Windows,64-bit,4,Gaming,0,False,False,11158200,4,11,2
MSI,Intel,Core i7,10,16,DDR4,512,0,Windows,64-bit,4,Casual,2,False,False,14398200,4,484,56
Lenovo,Intel,Core i7,10,8,DDR4,512,0,Windows,64-bit,4,Gaming,1,False,True,12418200,4,44,2
Lenovo,Intel,Core i7,11,16,DDR4,512,0,Windows,64-bit,0,Casual,1,True,True,15478200,4,77,10
Lenovo,Intel,Core i7,11,16,DDR4,512,0,Windows,64-bit,4,Casual,1,False,True,17998200,4,11,3
ASUS,Intel,Core i7,11,8,DDR4,512,0,Windows,64-bit,0,Casual,1,False,True,14038200,4,21,5
Lenovo,Intel,Core i7,11,8,DDR4,512,0,Windows,64-bit,4,Gaming,0,False,False,14398200,4,5,2
HP,Intel,Core i7,11,16,DDR4,512,0,Windows,64-bit,4,Casual,1,False,True,16774200,5,4,0
ASUS,Intel,Core i7,11,16,LPDDR4X,512,0,Windows,64-bit,0,Casual,1,False,True,17098200,3,0,0
Lenovo,Intel,Core i7,11,16,DDR4,512,0,Windows,64-bit,0,Casual,3,True,True,15298200,4,13,2
MSI,Intel,Core i7,10,8,DDR4,512,0,Windows,64-bit,0,ThinNlight,0,False,False,10438200,4,15,0
HP,Intel,Core i7,11,16,DDR4,512,0,Windows,64-bit,0,Casual,1,True,True,18538200,4,11,2
DELL,Intel,Core i7,11,16,DDR4,512,0,Windows,64-bit,4,Casual,1,False,False,17998200,3,0,0
ASUS,Intel,Core i7,11,16,DDR4,512,0,Windows,64-bit,4,Gaming,0,False,False,17098200,4,118,15
HP,Intel,Core i7,11,16,DDR4,512,0,Windows,64-bit,0,Casual,1,True,True,18720000,3,0,0
MSI,Intel,Core i7,11,16,DDR4,512,0,Windows,64-bit,2,Casual,0,False,False,13858200,3,0,0
HP,Intel,Core i7,11,16,DDR4,512,0,Windows,64-bit,4,Gaming,1,False,True,16234200,4,6,1
Lenovo,Intel,Core i7,11,16,DDR4,512,0,Windows,32-bit,0,Casual,0,True,False,15927840,3,0,0
MSI,Intel,Core i7,10,16,DDR4,512,0,Windows,64-bit,4,Casual,1,False,False,19798200,4,138,30
MSI,Intel,Core i7,11,16,DDR4,512,0,Windows,64-bit,4,Casual,0,False,False,15658200,3,0,0
MSI,Intel,Core i7,11,16,LPDDR4X,512,0,Windows,64-bit,0,Casual,1,False,False,16198200,3,0,0
HP,Intel,Core i7,10,16,LPDDR3,512,0,Windows,64-bit,0,Casual,1,True,True,43156620,3,0,0
ASUS,Intel,Core i7,11,16,DDR4,512,0,Windows,64-bit,2,Casual,1,False,True,14218200,4,35,4
DELL,Intel,Core i7,8,16,DDR3,512,0,Windows,64-bit,0,ThinNlight,1,False,True,21940200,1,3,0
ASUS,Intel,Core i7,8,16,LPDDR3,512,0,Windows,64-bit,0,ThinNlight,1,False,False,15478200,4,18,0
MSI,Intel,Core i7,11,16,DDR4,512,0,Windows,64-bit,4,Casual,2,False,False,17098200,3,0,0
HP,Intel,Core i7,11,16,DDR4,512,0,Windows,64-bit,4,Gaming,1,False,True,16560000,4,8,1
HP,Intel,Core i7,10,16,DDR4,512,0,Windows,64-bit,0,Casual,1,True,False,29338200,3,3,1
DELL,Intel,Core i7,11,16,LPDDR4X,512,0,Windows,64-bit,0,ThinNlight,1,False,True,24354000,5,5,2
MSI,Intel,Core i7,11,16,DDR4,512,0,Windows,64-bit,0,Casual,0,False,False,11698200,4,33,5
Lenovo,Intel,Core i7,10,16,DDR4,512,0,Windows,64-bit,0,ThinNlight,3,False,False,31414860,3,0,0
Lenovo,Intel,Core i7,10,16,DDR4,512,0,Windows,64-bit,0,ThinNlight,0,False,False,29213820,3,0,0
DELL,Intel,Core i7,10,16,DDR4,512,0,Windows,64-bit,0,Casual,1,True,True,19654200,3,0,0
HP,Intel,Core i7,11,16,DDR4,512,0,Windows,64-bit,0,Casual,1,True,True,17999820,3,0,0
MSI,Intel,Core i7,10,16,DDR4,512,0,Windows,64-bit,2,Casual,1,False,False,18898200,4,85,9
ASUS,Intel,Core i7,11,16,LPDDR4X,512,0,Windows,64-bit,0,ThinNlight,0,True,False,19798200,3,0,0
ASUS,Intel,Core i7,8,16,DDR3,512,0,Windows,64-bit,0,ThinNlight,1,False,False,17998200,4,30,7
Lenovo,Intel,Core i7,8,16,DDR4,512,0,Windows,64-bit,2,ThinNlight,0,False,False,44064180,3,0,0
ASUS,Intel,Core i7,11,16,LPDDR4X,512,0,Windows,64-bit,0,ThinNlight,0,False,False,17098200,3,0,0
Lenovo,Intel,Core i7,8,16,DDR4,512,0,Windows,64-bit,0,ThinNlight,1,False,True,15480000,3,0,0
Lenovo,Intel,Core i7,10,16,DDR4,512,0,Windows,32-bit,2,Casual,0,False,False,29231820,3,0,0
HP,Intel,Core i7,11,16,DDR4,512,0,Windows,32-bit,0,Casual,0,False,False,21527820,3,0,0
Lenovo,Intel,Core i7,10,16,LPDDR3,512,0,Windows,64-bit,0,ThinNlight,0,False,False,38115540,3,0,0
Lenovo,Intel,Core i7,11,16,DDR4,512,0,Windows,32-bit,0,Casual,0,False,False,19979820,3,0,0
DELL,Intel,Core i7,11,16,DDR4,512,0,Windows,64-bit,4,Casual,1,False,False,17998200,3,0,0
ASUS,Intel,Core i7,8,8,LPDDR3,512,0,Windows,64-bit,0,ThinNlight,1,False,False,14758200,4,40,4
MSI,Intel,Core i7,9,8,DDR4,512,0,Windows,64-bit,4,Casual,2,False,False,12058200,4,1639,230
MSI,Intel,Core i7,10,16,DDR4,1024,0,Windows,64-bit,6,Casual,2,False,False,15298200,4,498,64
ASUS,Intel,Core i7,11,16,LPDDR4X,1024,0,Windows,64-bit,2,Casual,1,True,True,18898200,3,0,0
ASUS,Intel,Core i7,11,16,LPDDR4X,1024,0,Windows,64-bit,0,Casual,1,True,False,24298200,3,0,0
ASUS,Intel,Core i7,11,16,DDR4,1024,0,Windows,64-bit,4,Gaming,0,False,False,17818200,4,445,56
HP,Intel,Core i7,10,16,DDR4,1024,0,Windows,64-bit,6,Casual,1,False,True,26044200,4,17,4
ASUS,Intel,Core i7,11,16,LPDDR4X,1024,0,Windows,64-bit,0,ThinNlight,0,False,False,17998200,3,0,0
MSI,Intel,Core i7,11,16,DDR4,1024,0,Windows,64-bit,6,Casual,2,False,False,21598200,4,20,3
ASUS,Intel,Core i7,11,16,DDR4,1024,0,Windows,32-bit,4,Casual,1,False,False,35098200,3,0,0
ASUS,Intel,Core i7,10,16,LPDDR3,1024,0,Windows,64-bit,2,Casual,1,False,True,22498200,4,17,1
DELL,Intel,Core i7,11,16,DDR4,1024,0,Windows,64-bit,2,Casual,0,False,False,22033800,3,0,0
HP,Intel,Core i7,10,16,DDR4,1024,0,Windows,64-bit,0,Casual,1,True,False,32398200,4,13,5
MSI,Intel,Core i7,11,16,DDR4,1024,0,Windows,64-bit,4,Casual,2,True,False,27898200,4,3,2
Lenovo,Intel,Core i7,11,16,LPDDR4X,1024,0,Windows,64-bit,0,Casual,1,False,True,22138200,3,4,2
ASUS,Intel,Core i7,10,16,DDR4,1024,0,Windows,64-bit,6,Casual,1,True,False,40498200,4,9,0
MSI,Intel,Core i7,12,16,DDR5,1024,0,Windows,64-bit,8,Casual,0,False,False,50398200,3,0,0
HP,Intel,Core i7,11,16,DDR4,1024,0,Windows,64-bit,4,Casual,0,False,False,21958200,3,0,0
HP,Intel,Core i7,11,16,DDR4,1024,0,Windows,64-bit,4,Casual,0,False,False,21058200,3,0,0
Lenovo,Intel,Core i7,11,16,DDR4,1024,0,Windows,64-bit,6,Casual,0,False,False,27197640,4,7,0
MSI,Intel,Core i7,11,16,DDR4,1024,0,Windows,64-bit,8,Casual,2,False,False,23398200,4,14,3
HP,Intel,Core i7,11,16,LPDDR4X,1024,0,Windows,64-bit,0,Casual,1,True,False,26999820,3,0,0
MSI,Intel,Core i7,12,16,DDR4,1024,0,Windows,64-bit,6,Casual,0,False,False,25198200,4,4,2
Acer,Intel,Core i7,11,16,DDR4,1024,0,Windows,64-bit,6,Casual,1,False,False,23398200,4,54,7
HP,Intel,Core i7,11,16,DDR4,1024,0,Windows,64-bit,8,Casual,1,False,True,30958200,3,0,0
DELL,Intel,Core i7,11,16,DDR4,1024,0,Windows,64-bit,2,Casual,1,False,True,16911900,4,4,0
ASUS,Intel,Core i7,10,16,DDR4,1024,0,Windows,64-bit,8,Casual,0,False,False,42298200,3,0,0
HP,Intel,Core i7,11,16,LPDDR4X,1024,0,Windows,64-bit,0,Casual,1,True,True,23130000,3,3,1
Lenovo,Intel,Core i7,11,16,DDR4,1024,0,Windows,64-bit,0,Casual,1,True,True,18538200,4,16,2
ASUS,Intel,Core i7,11,16,LPDDR4X,1024,0,Windows,64-bit,0,Casual,1,True,False,21598200,4,8,1
ASUS,Intel,Core i7,11,16,DDR4,1024,0,Windows,32-bit,6,Casual,0,False,False,21776400,3,0,0
ASUS,Intel,Core i7,11,16,DDR4,1024,0,Windows,32-bit,6,Casual,1,False,False,28304820,4,7,0
Lenovo,Intel,Core i7,9,16,DDR4,1024,0,Windows,64-bit,4,ThinNlight,0,False,False,41382000,3,0,0
ASUS,Intel,Core i7,11,16,DDR4,1024,0,Windows,64-bit,6,Casual,1,False,False,23670000,3,0,0
ASUS,Intel,Core i7,10,16,LPDDR3,1024,0,Windows,64-bit,0,Casual,0,False,False,27898200,5,3,0
ASUS,Intel,Core i7,10,16,LPDDR3,1024,0,Windows,64-bit,0,Casual,0,False,False,29878200,3,0,0
Lenovo,Intel,Core i7,10,16,LPDDR4X,1024,0,Windows,64-bit,0,ThinNlight,0,False,False,21598200,2,2,1
ASUS,Intel,Core i7,10,16,LPDDR3,1024,0,Windows,64-bit,0,Casual,0,False,False,30238200,3,0,0
HP,Intel,Core i7,11,16,LPDDR4X,1024,0,Windows,64-bit,0,Casual,1,True,False,29700000,3,0,0
Avita,Intel,Core i7,10,16,DDR4,1024,0,Windows,64-bit,0,ThinNlight,0,False,False,11338200,3,207,49
Lenovo,Intel,Core i7,11,16,LPDDR4,1024,0,Windows,64-bit,0,Casual,1,False,True,15478200,3,7,2
HP,Intel,Core i7,11,16,DDR4,1024,0,Windows,64-bit,2,Casual,1,False,True,17098200,3,0,0
HP,Intel,Core i7,11,16,DDR4,1024,0,Windows,64-bit,6,Casual,1,False,True,24658200,3,0,0
Lenovo,Intel,Core i7,10,16,DDR4,1024,0,Windows,64-bit,8,Casual,1,False,True,42298200,3,0,0
Acer,Intel,Core i7,10,16,DDR4,2048,0,Windows,64-bit,8,Casual,1,False,False,28798200,3,4,0
ASUS,Intel,Core i7,10,16,LPDDR3,2048,0,Windows,64-bit,0,Casual,0,False,False,42118200,3,0,0
ASUS,Intel,Core i7,10,16,DDR4,0,1024,Windows,64-bit,2,Casual,0,False,False,16918200,3,0,0
HP,Intel,Core i7,8,16,DDR4,128,1024,Windows,64-bit,4,Casual,1,False,False,21049380,3,0,0
MSI,Intel,Core i7,10,8,DDR4,256,1024,Windows,64-bit,4,Casual,2,False,False,11518200,4,794,83
ASUS,Intel,Core i7,10,16,DDR4,256,1024,Windows,64-bit,4,Gaming,0,False,False,12058200,4,25,4
ASUS,Intel,Core i7,11,16,DDR4,256,1024,Windows,32-bit,0,ThinNlight,0,False,False,14850000,3,0,0
Acer,Intel,Core i7,10,16,DDR4,256,1024,Windows,64-bit,6,Casual,1,False,False,21598200,4,2038,313
MSI,Intel,Core i7,10,16,DDR4,256,1024,Windows,64-bit,4,Casual,3,False,False,28798200,3,0,0
ASUS,Intel,Core i7,8,16,DDR4,256,1024,Windows,64-bit,0,ThinNlight,0,False,False,17804160,3,0,0
Acer,Intel,Core i7,11,16,DDR4,512,1024,Windows,64-bit,4,Casual,1,False,False,16738200,4,214,37
Acer,Intel,Core i7,11,16,DDR4,512,1024,Windows,32-bit,6,Casual,1,False,False,21598200,4,342,54
Acer,Intel,Core i9,11,32,DDR4,1024,0,Windows,64-bit,8,Casual,1,False,False,30598200,3,0,0
Acer,Intel,Core i9,11,16,DDR4,1024,0,Windows,64-bit,6,Casual,1,False,False,25198200,3,0,0
MSI,Intel,Core i9,11,16,DDR4,1024,0,Windows,64-bit,6,Casual,0,False,False,34738200,3,0,0
ASUS,Intel,Core i9,12,16,DDR5,1024,0,Windows,64-bit,6,Casual,0,False,False,53998200,3,0,0
ASUS,Intel,Core i9,10,16,DDR4,1024,0,Windows,64-bit,6,Casual,1,True,False,48598200,4,8,1
ASUS,Intel,Core i9,11,16,DDR4,1024,0,Windows,64-bit,6,Gaming,1,False,False,25198200,3,0,0
Lenovo,Intel,Core i9,10,16,DDR4,1024,0,Windows,32-bit,8,Casual,0,False,False,47879640,3,0,0
ASUS,Intel,Core i9,11,16,DDR4,3072,0,Windows,32-bit,6,Casual,1,False,False,79558200,5,1,1
MSI,Intel,Core i5,10,8,LPDDR4,0,512,DOS,32-bit,4,Casual,0,False,False,15658200,4,218,27
MSI,Intel,Core i5,10,8,LPDDR4,0,512,DOS,32-bit,6,Casual,0,False,False,19798200,4,78,16
MSI,Intel,Core i5,10,8,LPDDR4,0,512,DOS,32-bit,4,Casual,0,False,False,19726200,4,5,2
ASUS,Intel,Core i7,10,16,LPDDR4X,0,512,DOS,32-bit,6,Casual,0,False,False,26368200,3,2,1
APPLE,M1,M1,10,8,DDR4,256,0,Mac,64-bit,0,Casual,1,False,False,15478200,4,6725,629
APPLE,M1,M1,10,8,DDR4,256,0,Mac,64-bit,0,Casual,1,False,False,20338200,4,640,70
APPLE,M1,M1,10,16,DDR4,256,0,Mac,64-bit,0,Casual,1,False,False,18898200,4,45,4
APPLE,M1,M1,10,8,DDR4,256,0,Mac,64-bit,0,Casual,1,False,False,20338200,4,640,70
APPLE,M1,M1,10,16,DDR4,256,0,Mac,64-bit,0,Casual,1,False,False,23938200,4,640,70
APPLE,M1,M1,10,16,DDR4,256,0,Mac,64-bit,0,Casual,1,False,False,18898200,4,45,4
APPLE,M1,M1,10,8,DDR4,256,0,Mac,64-bit,0,Casual,1,False,False,15478200,4,6725,629
APPLE,M1,M1,10,16,DDR4,512,0,Mac,64-bit,0,Casual,1,False,False,26998200,4,640,70
APPLE,M1,M1,10,8,DDR4,512,0,Mac,64-bit,0,Casual,1,False,False,22678200,4,399,45
APPLE,M1,M1,10,8,DDR4,512,0,Mac,64-bit,0,Casual,1,False,False,18718200,4,809,91
APPLE,M1,M1,10,8,DDR4,512,0,Mac,64-bit,0,Casual,1,False,False,18358200,4,809,91
APPLE,M1,M1,10,8,DDR4,512,0,Mac,64-bit,0,Casual,1,False,False,18898200,4,6725,629
APPLE,M1,M1,10,8,DDR4,512,0,Mac,64-bit,0,Casual,1,False,False,23758200,4,399,45
APPLE,M1,M1,10,16,DDR4,512,0,Mac,64-bit,0,Casual,1,False,False,23218200,4,45,4
APPLE,M1,M1,10,16,DDR4,512,0,Mac,64-bit,0,Casual,1,False,False,33298200,4,42,8
APPLE,M1,M1,10,16,DDR4,512,0,Mac,64-bit,0,Casual,1,False,False,40678200,4,42,8
APPLE,M1,M1,10,4,DDR4,512,0,Mac,64-bit,0,Casual,1,False,False,22498200,4,45,4
APPLE,M1,M1,10,8,DDR4,512,0,Mac,64-bit,0,Casual,1,False,False,18898200,4,6725,629
APPLE,M1,M1,10,8,DDR4,1024,0,Mac,64-bit,0,Casual,1,False,False,26998200,4,640,70
APPLE,M1,M1,10,16,DDR4,1024,0,Mac,64-bit,0,Casual,1,False,False,30598200,4,640,70
APPLE,M1,M1,10,16,DDR4,1024,0,Mac,64-bit,0,Casual,1,False,False,40678200,4,42,8
APPLE,M1,M1,10,16,DDR4,1024,0,Mac,64-bit,0,Casual,1,False,False,43918200,4,42,8
APPLE,M1,M1,10,32,DDR4,1024,0,Mac,64-bit,0,Casual,1,False,False,55798200,5,3,1
APPLE,M1,M1,10,16,DDR4,1024,0,Mac,64-bit,0,Casual,1,False,False,40678200,4,42,8
ASUS,Intel,Pentium Quad,10,4,LPDDR4X,0,512,Windows,64-bit,0,Casual,0,False,False,8278200,3,0,0
ASUS,Intel,Pentium Quad,10,4,DDR4,128,0,Windows,32-bit,0,Casual,0,True,False,10458000,3,0,0
ASUS,Intel,Pentium Quad,10,8,LPDDR4X,256,0,Windows,64-bit,0,Casual,1,True,False,11338200,3,0,0
HP,Intel,Pentium Quad,10,8,DDR4,256,0,Windows,64-bit,0,ThinNlight,1,False,True,5938200,4,77,9
ASUS,Intel,Pentium Quad,10,4,DDR4,256,0,Windows,64-bit,0,ThinNlight,1,False,True,6118200,4,6,0
Acer,Intel,Pentium Quad,10,4,DDR4,256,0,Windows,64-bit,0,Casual,1,False,False,5578200,4,465,89
DELL,Intel,Pentium Quad,10,4,DDR4,256,0,Windows,64-bit,0,ThinNlight,1,False,False,6480000,4,102,16
ASUS,Intel,Pentium Quad,10,4,DDR4,256,0,Windows,64-bit,0,ThinNlight,1,False,True,5938200,4,7,1
DELL,Intel,Pentium Quad,10,4,DDR4,256,0,Windows,64-bit,0,Casual,1,False,False,6478200,3,0,0
ASUS,Intel,Pentium Quad,10,4,LPDDR4,0,1024,Windows,64-bit,0,Casual,0,False,False,5038200,3,0,0
ASUS,Intel,Pentium Quad,10,4,DDR4,0,1024,Windows,64-bit,0,Casual,1,False,False,4678200,3,4741,658
ASUS,Intel,Pentium Quad,10,4,DDR4,0,1024,Windows,64-bit,0,Casual,1,False,False,4678200,3,2736,350
ASUS,Intel,Pentium Quad,10,4,DDR4,0,1024,Windows,64-bit,0,Casual,0,False,False,5540400,3,0,0
HP,AMD,Ryzen 3,10,8,DDR4,256,0,Windows,64-bit,0,ThinNlight,1,False,False,6838200,4,2214,241
ASUS,AMD,Ryzen 3,10,8,DDR4,256,0,Windows,64-bit,0,ThinNlight,1,False,False,6478200,4,2886,375
DELL,AMD,Ryzen 3,10,8,DDR4,256,0,Windows,64-bit,0,ThinNlight,0,False,False,7108200,4,34,4
DELL,AMD,Ryzen 3,10,8,DDR4,256,0,Windows,64-bit,0,ThinNlight,0,False,False,6658200,4,137,15
DELL,AMD,Ryzen 3,10,8,DDR4,256,0,Windows,64-bit,0,ThinNlight,1,False,False,7198200,4,7,0
ASUS,AMD,Ryzen 3,10,4,DDR4,256,0,Windows,64-bit,0,ThinNlight,1,False,False,6064200,4,170,26
DELL,AMD,Ryzen 3,10,8,DDR4,256,0,Windows,64-bit,0,ThinNlight,0,False,False,7306200,3,0,0
ASUS,AMD,Ryzen 3,10,4,DDR4,256,0,Windows,64-bit,0,Casual,1,False,False,6838200,4,39,3
ASUS,AMD,Ryzen 3,10,4,DDR4,256,0,Windows,64-bit,0,ThinNlight,1,False,True,6210000,4,2886,375
Acer,AMD,Ryzen 3,10,8,DDR4,512,0,Windows,64-bit,0,Casual,1,False,False,6658200,4,11,2
HP,AMD,Ryzen 3,10,8,DDR4,512,0,Windows,64-bit,0,ThinNlight,0,False,False,7828200,4,163,33
HP,AMD,Ryzen 3,10,8,DDR4,512,0,Windows,64-bit,0,ThinNlight,1,False,True,7468200,4,153,21
Acer,AMD,Ryzen 3,10,4,DDR4,512,0,Windows,64-bit,0,Casual,0,False,False,6298200,3,0,0
HP,AMD,Ryzen 3,10,4,DDR4,512,0,Windows,64-bit,0,ThinNlight,1,False,True,8008200,4,267,42
DELL,AMD,Ryzen 3,10,4,DDR4,512,0,Windows,64-bit,0,ThinNlight,0,False,False,7306200,3,0,0
DELL,AMD,Ryzen 3,10,8,DDR4,512,0,Windows,64-bit,0,ThinNlight,0,False,False,7576200,3,3,0
DELL,AMD,Ryzen 3,10,8,DDR4,0,1024,Windows,64-bit,0,ThinNlight,1,False,True,6478200,4,59,12
HP,AMD,Ryzen 3,10,8,DDR4,0,1024,Windows,64-bit,0,ThinNlight,1,False,True,7108200,4,7291,895
DELL,AMD,Ryzen 3,10,8,DDR4,0,1024,Windows,64-bit,0,ThinNlight,0,False,False,6730200,4,38,5
DELL,AMD,Ryzen 3,10,4,DDR4,0,1024,Windows,64-bit,0,ThinNlight,1,False,True,9473760,3,0,0
DELL,AMD,Ryzen 3,10,4,DDR4,0,1024,Windows,64-bit,0,Casual,1,False,True,7198200,4,409,39
DELL,AMD,Ryzen 3,10,4,DDR4,0,1024,Windows,64-bit,0,Casual,1,False,False,7918200,3,0,0
HP,AMD,Ryzen 3,10,4,DDR4,0,1024,Windows,64-bit,0,Casual,1,False,False,5925060,4,353,58
Lenovo,AMD,Ryzen 3,10,4,DDR4,0,1024,Windows,64-bit,0,Casual,0,False,False,6298200,3,38,6
DELL,AMD,Ryzen 3,10,8,DDR4,0,1024,Windows,64-bit,0,ThinNlight,0,False,False,7198200,3,18,4
HP,AMD,Ryzen 3,10,8,DDR4,256,1024,Windows,64-bit,0,Casual,1,False,True,7559820,4,3524,432
DELL,AMD,Ryzen 5,10,8,DDR4,256,0,Windows,64-bit,0,Casual,1,False,True,7558200,4,939,107
DELL,AMD,Ryzen 5,10,8,DDR4,256,0,Windows,64-bit,0,ThinNlight,1,False,False,8008200,4,14,1
DELL,AMD,Ryzen 5,10,8,DDR4,256,0,Windows,64-bit,0,Casual,1,False,True,7558200,4,649,84
DELL,AMD,Ryzen 5,10,8,DDR4,256,0,Windows,64-bit,0,ThinNlight,1,False,True,8008200,4,8,2
MSI,AMD,Ryzen 5,10,4,DDR4,256,0,Windows,64-bit,0,Casual,1,False,False,8998200,3,0,0
DELL,AMD,Ryzen 5,10,4,DDR4,256,0,Windows,64-bit,0,ThinNlight,1,False,False,7990200,4,276,24
HP,AMD,Ryzen 5,10,8,DDR4,512,0,Windows,64-bit,4,Casual,1,False,False,10438200,4,4740,532
Lenovo,AMD,Ryzen 5,10,8,DDR4,512,0,Windows,64-bit,4,Gaming,1,False,True,10258200,4,162,15
Lenovo,AMD,Ryzen 5,10,8,DDR4,512,0,Windows,64-bit,0,ThinNlight,1,False,False,8818200,4,219,27
HP,AMD,Ryzen 5,10,8,DDR4,512,0,Windows,64-bit,0,ThinNlight,1,False,True,8994600,4,193,28
MSI,AMD,Ryzen 5,10,8,DDR4,512,0,Windows,64-bit,0,Casual,0,False,False,8638200,4,562,89
HP,AMD,Ryzen 5,10,8,DDR4,512,0,Windows,64-bit,0,ThinNlight,1,False,True,8818200,4,45,5
Acer,AMD,Ryzen 5,10,8,LPDDR4X,512,0,Windows,64-bit,0,ThinNlight,1,False,False,9718200,4,7,0
Lenovo,AMD,Ryzen 5,10,8,DDR4,512,0,Windows,64-bit,0,Casual,1,False,True,9538200,4,39,5
Acer,AMD,Ryzen 5,10,8,DDR4,512,0,Windows,64-bit,0,Casual,1,False,False,7918200,3,0,0
Lenovo,AMD,Ryzen 5,10,8,DDR4,512,0,Windows,64-bit,4,Gaming,0,False,False,10708200,4,92,10
MSI,AMD,Ryzen 5,10,8,DDR4,512,0,Windows,64-bit,4,Casual,0,False,False,11698200,4,469,80
DELL,AMD,Ryzen 5,10,8,DDR4,512,0,Windows,64-bit,0,ThinNlight,0,False,False,8548200,2,2,1
HP,AMD,Ryzen 5,10,8,DDR4,512,0,Windows,64-bit,4,Casual,1,False,False,10798200,4,1978,188
Lenovo,AMD,Ryzen 5,10,8,DDR4,512,0,Windows,64-bit,4,Casual,0,False,False,12598200,4,9,0
HP,AMD,Ryzen 5,10,8,DDR4,512,0,Windows,64-bit,4,Casual,1,False,False,10618200,4,1049,134
DELL,AMD,Ryzen 5,10,8,DDR4,512,0,Windows,64-bit,0,ThinNlight,1,False,False,10708200,4,74,18
HP,AMD,Ryzen 5,10,16,DDR4,512,0,Windows,64-bit,0,ThinNlight,1,False,True,12150000,4,196,19
HP,AMD,Ryzen 5,10,8,DDR4,512,0,Windows,32-bit,0,Casual,0,False,False,8818200,4,17,1
ASUS,AMD,Ryzen 5,10,8,DDR4,512,0,Windows,64-bit,0,Casual,1,True,True,11241000,4,172,36
ASUS,AMD,Ryzen 5,10,8,DDR4,512,0,Windows,64-bit,0,Casual,1,False,False,10618200,4,324,34
HP,AMD,Ryzen 5,10,8,DDR4,512,0,Windows,64-bit,0,ThinNlight,1,False,True,10439820,4,86,15
ASUS,AMD,Ryzen 5,10,16,DDR4,512,0,Windows,64-bit,0,Casual,0,False,False,10258200,4,4,1
HP,AMD,Ryzen 5,10,8,DDR4,512,0,Windows,64-bit,4,Casual,1,False,True,13138200,4,16,4
HP,AMD,Ryzen 5,10,16,DDR4,512,0,Windows,64-bit,0,Casual,1,False,True,11878200,4,104,18
HP,AMD,Ryzen 5,10,16,DDR4,512,0,Windows,64-bit,0,Casual,1,True,True,17643600,3,0,0
HP,AMD,Ryzen 5,10,16,DDR4,512,0,Windows,64-bit,2,Casual,1,False,True,11518200,4,90,13
ASUS,AMD,Ryzen 5,10,8,DDR4,512,0,Windows,32-bit,0,ThinNlight,1,False,True,8980200,4,6,1
DELL,AMD,Ryzen 5,10,8,DDR4,512,0,Windows,64-bit,0,ThinNlight,1,False,True,8998200,4,47,7
DELL,AMD,Ryzen 5,10,8,DDR4,512,0,Windows,64-bit,0,ThinNlight,1,False,True,10708200,3,0,0
HP,AMD,Ryzen 5,10,8,DDR4,512,0,Windows,64-bit,0,Casual,1,True,True,13319820,4,206,27
DELL,AMD,Ryzen 5,10,4,DDR4,512,0,Windows,64-bit,0,ThinNlight,1,False,True,10978200,4,183,42
DELL,AMD,Ryzen 5,10,4,DDR4,512,0,Windows,64-bit,6,Casual,0,False,False,13714200,4,358,64
Lenovo,AMD,Ryzen 5,10,4,LPDDR4X,512,0,Windows,64-bit,0,ThinNlight,3,True,True,13463640,3,0,0
ASUS,AMD,Ryzen 5,10,4,DDR4,512,0,Windows,64-bit,0,Casual,1,False,False,10618200,4,88,13
HP,AMD,Ryzen 5,10,4,DDR4,512,0,Windows,32-bit,4,Casual,0,False,False,12258000,3,0,0
Lenovo,AMD,Ryzen 5,10,4,DDR4,512,0,Windows,64-bit,0,ThinNlight,1,True,True,14038200,3,0,0
HP,AMD,Ryzen 5,10,4,DDR4,512,0,Windows,64-bit,0,ThinNlight,1,False,True,9916200,4,364,52
ASUS,AMD,Ryzen 5,10,4,LPDDR4X,512,0,Windows,64-bit,0,Casual,0,True,False,16558200,3,0,0
HP,AMD,Ryzen 5,10,4,DDR4,512,0,Windows,64-bit,0,Casual,1,False,True,15157440,3,0,0
Acer,AMD,Ryzen 5,10,4,DDR4,512,0,Windows,64-bit,0,Casual,1,False,False,8098200,4,313,39
HP,AMD,Ryzen 5,10,4,DDR4,512,0,Windows,64-bit,0,ThinNlight,1,False,True,9628200,4,826,118
Lenovo,AMD,Ryzen 5,10,4,DDR4,512,0,Windows,64-bit,4,Casual,0,False,False,13769640,3,0,0
DELL,AMD,Ryzen 5,10,4,DDR4,512,0,Windows,64-bit,4,Casual,1,False,False,17805600,3,0,0
MSI,AMD,Ryzen 5,10,4,DDR4,512,0,Windows,64-bit,0,Casual,0,False,False,9898200,4,1410,203
Acer,AMD,Ryzen 5,10,4,DDR4,512,0,Windows,64-bit,0,Casual,1,False,False,8998200,4,47,6
HP,AMD,Ryzen 5,10,4,DDR4,512,0,Windows,32-bit,0,Casual,0,False,False,9428400,3,0,0
Acer,AMD,Ryzen 5,10,4,DDR4,512,0,Windows,64-bit,0,ThinNlight,1,False,False,8998200,4,6,1
HP,AMD,Ryzen 5,10,4,DDR4,512,0,Windows,64-bit,0,ThinNlight,1,False,True,9450000,4,741,67
ASUS,AMD,Ryzen 5,10,4,DDR4,512,0,Windows,64-bit,0,ThinNlight,1,False,True,8998200,4,14,2
Acer,AMD,Ryzen 5,10,4,DDR4,512,0,Windows,64-bit,0,ThinNlight,1,False,False,13679820,3,0,0
ASUS,AMD,Ryzen 5,10,4,DDR4,512,0,Windows,64-bit,0,Casual,1,False,False,14578200,3,0,0
Lenovo,AMD,Ryzen 5,10,4,DDR4,512,0,Windows,32-bit,0,Casual,1,False,False,10782000,3,3,0
HP,AMD,Ryzen 5,10,4,DDR4,512,0,Windows,64-bit,0,ThinNlight,1,False,True,9826200,4,349,69
DELL,AMD,Ryzen 5,10,4,DDR4,512,0,Windows,64-bit,0,Casual,1,True,True,13590000,3,0,0
HP,AMD,Ryzen 5,10,8,DDR4,512,0,Windows,64-bit,0,ThinNlight,1,False,True,9340200,4,519,48
ASUS,AMD,Ryzen 5,10,16,DDR4,512,0,Windows,64-bit,0,Casual,1,False,False,14040000,2,3,0
HP,AMD,Ryzen 5,10,16,DDR4,512,0,Windows,64-bit,0,ThinNlight,1,False,True,10799820,4,19,1
HP,AMD,Ryzen 5,10,8,DDR4,512,0,Windows,64-bit,4,Gaming,1,False,True,11698200,3,8,1
DELL,AMD,Ryzen 5,10,4,DDR4,1024,0,Windows,32-bit,0,Casual,0,False,False,10422000,4,3,1
Lenovo,AMD,Ryzen 5,10,4,LPDDR4X,1024,0,Windows,64-bit,0,ThinNlight,3,True,True,14756040,3,0,0
HP,AMD,Ryzen 5,10,4,DDR4,0,1024,Windows,64-bit,4,Gaming,1,False,False,10798200,4,1480,151
DELL,AMD,Ryzen 5,10,8,DDR4,256,1024,Windows,64-bit,0,Casual,0,False,False,8908200,4,31,3
ASUS,AMD,Ryzen 5,10,8,DDR4,256,1024,Windows,64-bit,0,Casual,1,False,False,9898200,4,18,3
Lenovo,AMD,Ryzen 5,10,8,DDR4,256,1024,Windows,64-bit,4,Casual,0,False,False,12330000,4,271,24
ASUS,AMD,Ryzen 5,10,8,DDR4,256,1024,Windows,64-bit,0,Casual,1,False,False,9898200,4,49,6
ASUS,AMD,Ryzen 5,10,8,DDR4,256,1024,Windows,32-bit,0,Casual,1,False,True,9898200,4,474,65
Lenovo,AMD,Ryzen 5,10,8,DDR4,256,1024,Windows,64-bit,0,Gaming,1,False,True,11518200,4,861,116
HP,AMD,Ryzen 5,10,4,DDR4,256,1024,Windows,64-bit,4,Gaming,1,False,False,14400000,4,34,6
DELL,AMD,Ryzen 5,10,4,DDR4,256,1024,Windows,32-bit,0,Casual,0,False,False,9358200,3,0,0
ASUS,AMD,Ryzen 5,10,4,DDR4,256,1024,Windows,64-bit,0,Casual,1,False,True,11338200,4,165,34
HP,AMD,Ryzen 5,10,4,DDR4,256,1024,Windows,64-bit,0,ThinNlight,1,False,False,9538200,4,698,74
ASUS,AMD,Ryzen 5,10,4,DDR4,256,1024,Windows,64-bit,0,ThinNlight,1,False,True,13518000,3,0,0
ASUS,AMD,Ryzen 7,10,16,DDR4,512,0,Windows,32-bit,4,Gaming,0,False,False,13858200,4,22,3
ASUS,AMD,Ryzen 7,10,16,DDR4,512,0,Windows,64-bit,4,Casual,1,False,False,14398200,3,0,0
ASUS,AMD,Ryzen 7,10,8,DDR4,512,0,Windows,64-bit,4,Casual,0,False,False,12958200,4,144,16
ASUS,AMD,Ryzen 7,10,8,DDR4,512,0,Windows,64-bit,4,Casual,0,False,False,12958200,4,1810,235
Lenovo,AMD,Ryzen 7,10,16,DDR4,512,0,Windows,64-bit,4,Casual,1,False,True,17998200,4,26,1
ASUS,AMD,Ryzen 7,10,16,DDR4,512,0,Windows,64-bit,0,Casual,1,False,False,14398200,3,0,0
DELL,AMD,Ryzen 7,10,16,DDR4,512,0,Windows,64-bit,4,Casual,1,False,False,16918200,3,0,0
ASUS,AMD,Ryzen 7,10,16,DDR4,512,0,Windows,64-bit,4,Gaming,0,False,False,14938200,4,1067,145
ASUS,AMD,Ryzen 7,10,4,DDR5,512,0,Windows,64-bit,4,Casual,0,False,False,19258200,3,0,0
ASUS,AMD,Ryzen 7,10,4,DDR4,512,0,Windows,64-bit,0,Casual,1,False,False,16738200,4,25,4
Lenovo,Intel,Ryzen 7,10,4,DDR4,512,0,Windows,32-bit,4,Casual,3,False,True,14668200,3,0,0
ASUS,AMD,Ryzen 7,10,4,DDR4,512,0,Windows,64-bit,0,Casual,1,False,True,10258200,3,0,0
MSI,AMD,Ryzen 7,10,4,DDR4,512,0,Windows,64-bit,0,Casual,0,False,False,11698200,3,0,0
Lenovo,AMD,Ryzen 7,10,4,DDR4,512,0,Windows,64-bit,0,Casual,1,False,True,10978200,4,530,69
Lenovo,AMD,Ryzen 7,10,4,DDR4,512,0,Windows,64-bit,4,Casual,1,False,True,15297840,3,0,0
HP,AMD,Ryzen 7,10,4,DDR4,512,0,Windows,64-bit,4,Casual,1,False,False,16378200,4,273,40
ASUS,AMD,Ryzen 7,10,4,DDR4,512,0,Windows,64-bit,0,Casual,1,False,False,11518200,4,77,7
Lenovo,AMD,Ryzen 7,10,4,DDR4,512,0,Windows,64-bit,0,Casual,1,False,True,11518200,4,105,10
HP,AMD,Ryzen 7,10,4,DDR4,512,0,Windows,64-bit,0,ThinNlight,1,False,True,10439820,4,44,5
ASUS,AMD,Ryzen 7,10,4,DDR4,512,0,Windows,32-bit,4,Casual,0,False,False,13032000,3,0,0
Lenovo,AMD,Ryzen 7,10,4,DDR4,512,0,Windows,64-bit,0,Casual,1,True,False,14218200,4,6,0
Acer,AMD,Ryzen 7,10,4,DDR4,512,0,Windows,64-bit,0,ThinNlight,1,False,False,10798200,3,0,0
ASUS,AMD,Ryzen 7,10,4,DDR5,512,0,Windows,32-bit,4,Casual,1,False,False,20158200,3,0,0
HP,AMD,Ryzen 7,10,4,DDR4,512,0,Windows,32-bit,0,Casual,0,True,False,19620000,3,0,0
DELL,AMD,Ryzen 7,10,4,DDR4,512,0,Windows,64-bit,6,Casual,0,False,False,16198200,4,191,27
Lenovo,AMD,Ryzen 7,10,4,DDR4,512,0,Windows,64-bit,0,Casual,3,True,True,14217840,3,0,0
Lenovo,AMD,Ryzen 7,10,4,DDR4,512,0,Windows,64-bit,4,Casual,0,False,False,13164840,3,4,1
Lenovo,AMD,Ryzen 7,10,4,DDR4,512,0,Windows,64-bit,4,Casual,1,False,False,19258200,3,0,0
ASUS,AMD,Ryzen 7,10,4,DDR4,512,0,Windows,32-bit,4,Casual,0,False,False,14398200,3,0,0
DELL,AMD,Ryzen 7,10,4,DDR4,512,0,Windows,64-bit,0,Casual,1,True,True,16122600,3,0,0
HP,AMD,Ryzen 7,10,4,DDR4,512,0,Windows,64-bit,0,ThinNlight,1,False,True,12330000,4,134,22
Lenovo,AMD,Ryzen 7,10,16,DDR4,512,0,Windows,64-bit,0,Casual,1,False,False,13212000,3,0,0
HP,AMD,Ryzen 7,10,16,DDR4,512,0,Windows,64-bit,2,Casual,1,False,True,14398200,3,23,6
HP,AMD,Ryzen 7,10,16,DDR4,512,0,Windows,64-bit,4,Gaming,1,False,True,15298200,2,4,2
MSI,AMD,Ryzen 7,10,16,DDR4,1024,0,Windows,64-bit,8,Casual,1,False,False,17998200,4,108,24
ASUS,AMD,Ryzen 7,10,8,LPDDR4X,1024,0,Windows,64-bit,4,Casual,0,False,False,13138200,4,198,24
HP,AMD,Ryzen 7,10,16,DDR4,1024,0,Windows,64-bit,0,ThinNlight,1,True,True,16738200,3,0,0
HP,AMD,Ryzen 7,10,16,DDR4,1024,0,Windows,64-bit,0,ThinNlight,1,False,True,15154200,3,0,0
ASUS,AMD,Ryzen 7,10,16,LPDDR4X,1024,0,Windows,64-bit,0,Casual,0,True,False,20338200,3,0,0
ASUS,AMD,Ryzen 7,10,4,DDR5,1024,0,Windows,32-bit,4,Casual,1,False,False,20698200,3,0,0
Acer,AMD,Ryzen 7,10,4,DDR4,1024,0,Windows,64-bit,4,Casual,1,False,False,17998200,3,0,0
ASUS,AMD,Ryzen 7,10,4,DDR4,1024,0,Windows,32-bit,4,Gaming,0,False,False,17278200,4,57,3
HP,AMD,Ryzen 7,10,4,DDR4,1024,0,Windows,64-bit,8,Casual,1,False,False,28798200,4,17,2
ASUS,AMD,Ryzen 7,10,4,DDR4,1024,0,Windows,64-bit,0,Casual,1,False,True,13858200,3,0,0
Lenovo,AMD,Ryzen 7,10,4,DDR4,1024,0,Windows,64-bit,6,Casual,1,False,True,23578200,3,0,0
ASUS,AMD,Ryzen 7,10,4,DDR4,1024,0,Windows,64-bit,0,Casual,1,False,False,17998200,3,0,0
ASUS,AMD,Ryzen 7,10,4,DDR5,1024,0,Windows,64-bit,4,Casual,0,False,False,20338200,3,0,0
Lenovo,AMD,Ryzen 7,10,4,DDR4,1024,0,Windows,64-bit,0,Casual,1,False,True,14037840,3,0,0
ASUS,AMD,Ryzen 7,10,4,DDR4,1024,0,Windows,64-bit,0,Casual,1,False,True,13680000,5,1,1
ASUS,AMD,Ryzen 7,10,4,LPDDR4X,1024,0,Windows,64-bit,4,Casual,1,True,False,17998200,4,77,15
ASUS,AMD,Ryzen 7,10,4,DDR4,1024,0,Windows,64-bit,0,Casual,1,False,False,19980000,3,0,0
ASUS,AMD,Ryzen 7,10,16,LPDDR4X,1024,0,Windows,64-bit,0,ThinNlight,1,False,True,15294600,3,2,1
HP,AMD,Ryzen 7,10,16,DDR4,256,1024,Windows,64-bit,4,Gaming,1,False,True,13678200,4,1084,123
Acer,AMD,Ryzen 7,10,16,DDR4,256,1024,Windows,64-bit,6,Casual,1,False,False,16198200,4,272,36
Acer,AMD,Ryzen 7,10,16,DDR4,256,1024,Windows,64-bit,4,Casual,0,False,False,14758200,4,141,24
Lenovo,AMD,Ryzen 7,10,4,DDR4,512,1024,Windows,32-bit,0,Casual,0,False,False,14488200,3,0,0
ASUS,AMD,Ryzen 9,10,16,DDR4,1024,0,Windows,64-bit,6,Casual,1,False,False,24478200,3,0,0
ASUS,AMD,Ryzen 9,10,16,DDR4,1024,0,Windows,32-bit,0,Casual,1,False,False,27898200,4,194,42
ASUS,AMD,Ryzen 9,10,16,DDR4,1024,0,Windows,64-bit,8,Casual,1,False,True,35998200,4,9,2
ASUS,AMD,Ryzen 9,10,16,DDR4,1024,0,Windows,64-bit,4,Casual,0,False,False,20698200,4,28,4
ASUS,AMD,Ryzen 9,10,16,DDR4,1024,0,Windows,64-bit,6,Casual,1,False,True,23398200,4,204,35
ASUS,AMD,Ryzen 9,10,16,LPDDR4X,1024,0,Windows,64-bit,4,Casual,1,True,True,20698200,4,32,6
MSI,AMD,Ryzen 9,10,4,DDR4,1024,0,Windows,64-bit,0,Casual,0,False,False,26458200,3,0,0
ASUS,AMD,Ryzen 9,10,4,DDR4,1024,0,Windows,64-bit,0,Casual,1,False,False,18898200,4,14,2
ASUS,AMD,Ryzen 9,10,4,LPDDR4X,1024,0,Windows,64-bit,4,Casual,1,True,False,20698200,4,14,1
ASUS,AMD,Ryzen 9,10,4,LPDDR4X,1024,0,Windows,64-bit,4,Casual,1,True,True,22498200,5,3,0
ASUS,AMD,Ryzen 9,10,4,LPDDR4X,1024,0,Windows,64-bit,0,Casual,0,True,False,24298200,3,0,0
HP,AMD,Ryzen 9,10,4,DDR4,1024,0,Windows,64-bit,8,Casual,1,False,True,25558200,3,0,0
ASUS,AMD,Ryzen 9,10,4,DDR4,1024,0,Windows,64-bit,0,Casual,1,False,False,23398200,3,0,0
ASUS,AMD,Ryzen 9,10,4,LPDDR4X,1024,0,Windows,64-bit,4,Casual,1,True,True,25738200,4,4,1
ASUS,AMD,Ryzen 9,10,4,DDR4,1024,0,Windows,64-bit,0,Casual,1,False,False,21958200,3,0,0
ASUS,AMD,Ryzen 9,10,4,LPDDR4X,1024,0,Windows,64-bit,4,Casual,1,True,True,22498200,4,44,12
ASUS,AMD,Ryzen 9,10,4,DDR4,1024,0,Windows,64-bit,6,Casual,0,False,False,25558200,4,61,13
ASUS,AMD,Ryzen 9,10,4,DDR4,1024,0,Windows,64-bit,4,Casual,1,False,False,29338200,3,0,0
ASUS,AMD,Ryzen 9,10,4,DDR4,1024,0,Windows,64-bit,0,Casual,1,False,False,23490000,3,0,0
ASUS,AMD,Ryzen 9,10,4,DDR4,1024,0,Windows,64-bit,4,Casual,0,False,False,21058200,3,0,0
ASUS,AMD,Ryzen 9,10,4,DDR4,1024,0,Windows,32-bit,6,Casual,0,False,False,25018200,3,0,0
ASUS,AMD,Ryzen 9,10,4,LPDDR4X,1024,0,Windows,64-bit,4,Casual,1,True,True,42298200,3,0,0
ASUS,AMD,Ryzen 9,10,4,DDR4,1024,0,Windows,64-bit,0,Casual,1,False,False,24478200,3,0,0
ASUS,AMD,Ryzen 9,10,4,DDR4,1024,0,Windows,64-bit,0,Casual,1,False,False,26098200,3,0,0
ASUS,AMD,Ryzen 9,10,4,DDR4,1024,0,Windows,64-bit,4,Casual,1,False,False,26998200,3,0,0
ASUS,AMD,Ryzen 9,10,4,DDR4,1024,0,Windows,64-bit,4,Casual,1,False,False,25738200,3,0,0
Lenovo,AMD,Ryzen 5,10,8,DDR4,512,0,DOS,64-bit,0,ThinNlight,0,False,False,10348200,4,18,4
